CASE_ID,ACCIDENT_YEAR,PROC_DATE,JURIS,COLLISION_DATE,COLLISION_TIME,OFFICER_ID,REPORTING_DISTRICT,DAY_OF_WEEK,CHP_SHIFT,POPULATION,CNTY_CITY_LOC,SPECIAL_COND,BEAT_TYPE,CHP_BEAT_TYPE,CITY_DIVISION_LAPD,CHP_BEAT_CLASS,BEAT_NUMBER,PRIMARY_RD,SECONDARY_RD,DISTANCE,DIRECTION,INTERSECTION,WEATHER_1,WEATHER_2,STATE_HWY_IND,CALTRANS_COUNTY,CALTRANS_DISTRICT,STATE_ROUTE,ROUTE_SUFFIX,POSTMILE_PREFIX,POSTMILE,LOCATION_TYPE,RAMP_INTERSECTION,SIDE_OF_HWY,TOW_AWAY,COLLISION_SEVERITY,NUMBER_KILLED,NUMBER_INJURED,PARTY_COUNT,PRIMARY_COLL_FACTOR,PCF_CODE_OF_VIOL,PCF_VIOL_CATEGORY,PCF_VIOLATION,PCF_VIOL_SUBSECTION,HIT_AND_RUN,TYPE_OF_COLLISION,MVIW,PED_ACTION,ROAD_SURFACE,ROAD_COND_1,ROAD_COND_2,LIGHTING,CONTROL_DEVICE,CHP_ROAD_TYPE,PEDESTRIAN_ACCIDENT,BICYCLE_ACCIDENT,MOTORCYCLE_ACCIDENT,TRUCK_ACCIDENT,NOT_PRIVATE_PROPERTY,ALCOHOL_INVOLVED,STWD_VEHTYPE_AT_FAULT,CHP_VEHTYPE_AT_FAULT,COUNT_SEVERE_INJ,COUNT_VISIBLE_INJ,COUNT_COMPLAINT_PAIN,COUNT_PED_KILLED,COUNT_PED_INJURED,COUNT_BICYCLIST_KILLED,COUNT_BICYCLIST_INJURED,COUNT_MC_KILLED,COUNT_MC_INJURED,PRIMARY_RAMP,SECONDARY_RAMP,LATITUDE,LONGITUDE,COUNTY,CITY,POINT_X,POINT_Y
5934002,2013,2014-01-27,1942,2013-02-28,1650,40000,0851,4,5,7,1942,0,0,0,H,0,8A34,"OLYMPIC BL","BUNDY AV",0.00,,Y,A,-,N,,,,,,,,,,N,3,0,1,2,A,-,10,21950,A,N,G,B,B,A,H,-,A,A,0,Y,,,,Y,,D,22,0,1,0,0,1,0,0,0,0,"- ","- ",,,"LOS ANGELES","LOS ANGELES",-118.4537423,34.032384899999997
5934138,2013,2014-01-27,1942,2013-02-02,1825,38600,0524,6,5,7,1942,0,0,0,E,0,5A24,"ANAHEIM ST","MARVISTA AV",0.00,,Y,B,-,N,,,,,,,,,,N,3,0,1,2,A,-,10,21950,A,N,G,B,D,A,H,-,C,D,0,Y,,,,Y,,D,22,0,1,0,0,1,0,0,0,0,"- ","- ",,,"LOS ANGELES","LOS ANGELES",-118.27815219999999,33.7791049
5934227,2013,2014-02-05,1942,2013-03-08,1810,34426,1371,5,5,7,1942,0,0,0,M,0,1T24,BROADWAY,"54TH ST",0.00,,Y,C,-,N,,,,,,,,,,N,4,0,1,2,A,-,10,21950,A,N,G,B,B,B,H,-,C,A,0,Y,,,Y,Y,,F,55,0,0,1,0,1,0,0,0,0,"- ","- ",,,"LOS ANGELES","LOS ANGELES",-118.2783323,33.993304899999998
5934229,2013,2014-06-23,1942,2013-03-01,2230,38502,1346,5,5,7,1942,0,0,0,M,0,13T53,"ASCOT AV","42ND ST",4.00,N,N,A,-,N,,,,,,,,,,N,3,0,1,2,A,-,11,21950,B,N,G,B,C,A,H,-,C,D,0,Y,,,Y,Y,,N,60,0,1,0,0,1,0,0,0,0,"- ","- ",,,"LOS ANGELES","LOS ANGELES",-118.2496713,34.006835799999998
5934967,2013,2014-02-01,1900,2013-02-22,0740,424369,0251,5,5,4,1945,0,0,0,,0,28T,"ATLANTIC BL","SLAUSON AV",41.00,N,N,A,-,N,,,,,,,,,,N,4,0,1,2,A,-,11,21954,A,N,G,B,D,A,H,-,A,A,0,Y,,,Y,Y,,N,60,0,0,1,0,1,0,0,0,0,"- ","- ",,,"LOS ANGELES",MAYWOOD,-118.18569189999999,33.987237
5936636,2013,2014-11-17,1900,2013-03-01,1930,487835,0451,5,5,6,1949,0,0,0,,0,45T1,"HOXIE AV","RT 105",0.00,,Y,A,-,Y,LA,7,105,-,R,17.993,R,4,E,N,3,0,1,2,A,-,11,21954,A,N,G,B,-,A,H,-,C,D,0,Y,,,,Y,,N,60,0,1,0,0,1,0,0,0,0,"- ",EO,,,"LOS ANGELES",NORWALK,-118.1007221,33.9142449
5936661,2013,2014-02-15,1941,2013-03-09,1935,6287,,6,5,7,1941,0,0,0,,0,,"DEL AMO BL","ELM AV",10.00,E,N,A,-,N,,,,,,,,,,N,3,0,1,2,A,-,11,21954,A,N,G,B,D,A,H,-,C,A,0,Y,,,,Y,,N,,0,1,0,0,1,0,0,0,0,"- ","- ",,,"LOS ANGELES","LONG BEACH",-118.1883012,33.845965700000001
5936700,2013,2014-02-08,1941,2013-03-08,1753,5615,,5,5,7,1941,0,0,0,,0,,"ARTESIA BL","HAMMOND AV",0.00,,Y,B,-,N,,,,,,,,,,N,4,0,1,2,A,-,10,21950,A,N,G,B,D,A,H,-,B,D,0,Y,,,,Y,,A,,0,0,1,0,1,0,0,0,0,"- ","- ",,,"LOS ANGELES","LONG BEACH",-118.1568022,33.874784900000002
5938434,2013,2014-08-26,9525,2013-03-14,0810,012639,,4,1,9,1900,0,3,5,,2,003,"NORTHAM AV","SHIPMAN AV",0.00,,Y,A,-,N,,,,,,,,,,N,4,0,1,2,A,-,10,21950,A,N,G,B,D,A,H,-,A,A,0,Y,,,,Y,,D,22,0,0,1,0,1,0,0,0,0,"- ","- ",34.012030000000003,-117.91315,"LOS ANGELES",UNINCORPORATED,-117.9132422,34.011974899999998
5938476,2013,2014-04-12,9525,2013-03-01,0903,018729,,5,1,6,1955,1,4,S,,2,901,"FALCON RIDGE DR","RUSTIC GLEN DR",0.00,,Y,A,-,N,,,,,,,,,,N,4,0,1,2,A,-,10,21950,A,N,G,B,B,A,H,-,A,A,0,Y,,,,Y,,H,17,0,0,1,0,1,0,0,0,0,"- ","- ",34.028860000000002,-117.77493,"LOS ANGELES",POMONA,-117.7753122,34.028745000000001
5938499,2013,2014-12-04,1900,2013-03-13,0820,480772,1264,3,5,3,1991,0,0,0,,0,121T1A,"BERKSHIRE PL","RT 210",195.00,E,N,A,-,N,,,,,,,,,,Y,4,0,1,3,A,-,03,22350,,N,C,B,E,A,H,-,A,D,0,Y,,,,Y,,D,22,0,0,1,0,1,0,0,0,0,"- ",WF,,,"LOS ANGELES","LA CANADA-FLINTRIDGE",-118.18046150000001,34.189880700000003
5938595,2013,2014-02-05,1906,2013-03-05,1500,2868,,2,5,5,1906,0,0,0,,0,003,"PACIFIC AV","VINELAND AV",0.00,,Y,A,-,N,,,,,,,,,,Y,4,0,1,2,A,-,10,21950,A,N,G,B,B,A,H,-,A,A,0,Y,,,,Y,,D,22,0,0,1,0,1,0,0,0,0,"- ","- ",,,"LOS ANGELES","BALDWIN PARK",-117.9571323,34.0827849
5938634,2013,2014-02-06,1942,2013-03-24,1615,38603,0905,7,5,7,1942,0,0,0,I,0,17TL14,"VAN NUYS BL","VALERIO ST",75.00,N,N,A,-,N,,,,,,,,,,N,4,0,1,2,A,-,21,22106,,N,G,B,E,A,H,-,A,D,0,Y,,,,Y,,I,09,0,0,1,0,1,0,0,0,0,"- ","- ",,,"LOS ANGELES","LOS ANGELES",-118.4487822,34.205020599999997
5940907,2013,2014-06-25,1941,2013-01-04,1930,6178,,5,5,7,1941,0,0,0,,0,,"ATLANTIC AV","ATLANTIC AV 1200",0.00,,-,A,-,N,,,,,,,,,,N,4,0,1,2,A,-,"- ",,,F,B,B,E,A,H,-,C,D,0,Y,,,,Y,,A,,0,0,1,0,1,0,0,0,0,"- ","- ",,,"LOS ANGELES","LONG BEACH",-118.18505,33.781731999999998
5941633,2013,2014-02-03,1942,2013-03-03,1150,40991,1245,7,5,7,1942,0,0,0,L,0,12A73,"62ND ST",VERMONT,258.00,W,N,A,-,N,,,,,,,,,,N,3,0,1,2,A,-,11,21954,A,N,B,B,D,A,H,-,A,A,0,Y,,,,Y,,N,60,0,1,0,0,1,0,0,0,0,"- ","- ",,,"LOS ANGELES","LOS ANGELES",-118.292361,33.983231000000004
5941647,2013,2014-02-03,1942,2013-03-12,1045,38273,1622,2,5,7,1942,0,0,0,P,0,16TL25,"DEL SUR ST","SAN FERNANDO RD",2.00,W,N,A,-,N,,,,,,,,,,N,4,0,1,2,A,-,09,21802,A,N,G,B,B,A,H,-,A,A,0,Y,,,,Y,,D,22,0,0,1,0,1,0,0,0,0,"- ","- ",,,"LOS ANGELES","LOS ANGELES",-118.4334271,34.276771099999998
5941656,2013,2014-02-03,1942,2013-03-08,0700,26740,2049,5,5,7,1942,0,0,0,,0,14T147,"FRANCIS AV","HOOVER ST",120.00,W,N,B,-,N,,,,,,,,,,Y,4,0,1,2,C,-,18,,,N,G,B,F,A,H,-,A,D,0,Y,,,,Y,,-,"- ",0,0,1,0,1,0,0,0,0,"- ","- ",,,"LOS ANGELES","LOS ANGELES",-118.2846476,34.0568229
5941665,2013,2014-01-30,1942,2013-02-27,1555,30264,1467,3,5,7,1942,0,0,0,N,0,14A73,"LA TIJERA BL","KNOWLTON ST",0.00,,Y,A,-,N,,,,,,,,,,N,3,0,1,2,A,-,10,21950,A,N,D,B,B,A,H,-,A,A,0,Y,,,,Y,,D,22,0,1,0,0,1,0,0,0,0,"- ","- ",,,"LOS ANGELES","LOS ANGELES",-118.3731623,33.976104900000003
5941668,2013,2014-01-30,1942,2013-02-18,1730,39262,0782,1,5,7,1942,0,0,0,G,0,6TL2,"SPAULDING AV","VENICE BL",0.00,,Y,A,-,N,,,,,,,,,,N,4,0,1,2,A,-,11,21456,B,N,G,B,B,A,H,-,A,A,0,Y,,,,Y,,N,60,0,0,1,0,1,0,0,0,0,"- ","- ",,,"LOS ANGELES","LOS ANGELES",-118.36569230000001,34.0420649
5941951,2013,2014-01-18,1942,2013-01-04,1900,35925,1273,5,5,7,1942,0,0,0,L,0,12T41,"WESTERN AV","88TH ST",11.00,N,N,A,-,N,,,,,,,,,,Y,2,0,1,2,A,-,10,21950,A,N,G,B,B,A,H,-,C,D,0,Y,,,,Y,,A,01,1,0,0,0,1,0,0,0,0,"- ","- ",,,"LOS ANGELES","LOS ANGELES",-118.3090322,33.958174999999997
5941955,2013,2014-01-18,1942,2013-01-03,1115,38688,1249,4,5,7,1942,0,0,0,L,0,12T23,"GAGE AV","FIGUEROA ST",7.00,E,N,A,-,N,,,,,,,,,,N,4,0,1,2,A,-,10,21950,A,F,G,B,B,A,H,-,A,A,0,Y,,,,Y,,-,99,0,0,1,0,1,0,0,0,0,"- ","- ",,,"LOS ANGELES","LOS ANGELES",-118.2826591,33.982384699999997
5941996,2013,2014-11-21,1900,2013-01-21,1540,236810,1017,1,5,3,1995,0,0,0,,0,101T1,"RT 1","RAMBLA VISTA E",1584.00,N,N,-,-,Y,LA,7,1,-,-,44.560,H,-,N,N,4,0,1,2,A,-,03,22350,,N,G,B,E,-,H,-,-,D,0,Y,,,,Y,,M,47,0,0,1,0,1,0,0,0,0,"- ","- ",,,"LOS ANGELES",MALIBU,-118.6431765,34.038335600000003
5942025,2013,2014-11-07,9590,2013-01-21,2245,19242,,1,3,7,1942,0,1,1,,2,062,"RT 10","VERMONT AV",10.00,E,N,A,-,Y,LA,7,10,-,R,13.969,R,3,E,N,4,0,1,2,A,-,11,21950,B,N,G,B,D,A,H,-,C,A,1,Y,,,,Y,,N,60,0,0,1,0,1,0,0,0,0,"- ","- ",34.037010000000002,-118.29093,"LOS ANGELES","LOS ANGELES",-118.28698780000001,34.0367958
5942027,2013,2014-01-25,1942,2013-01-22,0714,37482,1323,2,5,7,1942,0,0,0,M,0,13TL53,"ADAMS BL","SAN PEDRO ST",8.00,E,N,A,-,N,,,,,,,,,,N,3,0,1,2,A,-,10,21950,A,F,G,B,B,A,H,-,A,A,0,Y,,,,Y,,-,99,0,1,0,0,1,0,0,0,0,"- ","- ",,,"LOS ANGELES","LOS ANGELES",-118.2613089,34.021564599999998
5942034,2013,2014-01-23,1942,2013-01-31,1805,39889,215,4,5,7,1942,0,0,0,,0,1TL24,"TEMPLE ST","DILLON ST",122.00,E,N,A,-,N,,,,,,,,,,N,4,0,1,2,A,-,11,21954,A,N,G,B,D,A,H,-,A,A,0,Y,,,,Y,,N,60,0,0,1,0,1,0,0,0,0,"- ","- ",,,"LOS ANGELES","LOS ANGELES",-118.2808357,34.075120099999999
5942035,2013,2014-01-25,1942,2013-01-28,1522,40042,0111,1,5,7,1942,0,0,0,A,0,1TL24,"NEW HIGH ST","ORD ST",0.00,,Y,A,-,N,,,,,,,,,,N,4,0,1,2,A,-,10,21950,A,N,G,B,B,A,H,-,A,A,0,Y,,,,Y,,A,08,0,0,1,0,1,0,0,0,0,"- ","- ",,,"LOS ANGELES","LOS ANGELES",-118.2386322,34.060074899999996
5942036,2013,2014-01-25,1942,2013-01-11,0230,39349,0119,5,5,7,1942,0,0,0,A,0,4T43,"ALAMEDA ST","ARCADIA ST",200.00,N,N,A,-,N,,,,,,,,,,N,4,0,1,2,A,-,11,21956,A,F,G,B,D,A,H,-,C,D,0,Y,,,,Y,,N,60,0,0,1,0,1,0,0,0,0,"- ","- ",,,"LOS ANGELES","LOS ANGELES",-118.2377391,34.055033600000002
5942040,2013,2014-01-25,1942,2013-01-12,2045,39349,0182,6,5,7,1942,0,0,0,A,0,13T53,"GRAND AV","8TH ST",130.00,S,N,A,-,N,,,,,,,,,,N,3,0,1,2,A,-,11,21954,A,N,G,B,D,A,H,-,C,D,0,Y,,,,Y,Y,N,60,0,1,0,0,1,0,0,0,0,"- ","- ",,,"LOS ANGELES","LOS ANGELES",-118.2901684,33.736598499999999
5942075,2013,2014-01-25,1942,2013-01-08,1745,36738,0558,2,5,7,1942,0,0,0,E,0,18T39,"PACIFIC AV","UPLAND AV",87.00,N,N,A,-,N,,,,,,,,,,Y,3,0,1,2,A,-,10,21950,A,N,G,B,C,A,H,-,C,A,0,Y,,,,Y,,A,01,0,1,0,0,1,0,0,0,0,"- ","- ",,,"LOS ANGELES","LOS ANGELES",-118.2874824,33.749552899999998
5942079,2013,2014-01-25,1942,2013-01-04,2250,36379,0506,5,5,7,1942,0,0,0,E,0,5TL21,"CARSON ST",DENKER,0.00,,Y,A,-,N,,,,,,,,,,N,3,0,1,2,A,-,10,21950,A,F,B,B,B,A,H,-,C,A,0,Y,,,,Y,,-,99,0,1,0,0,1,0,0,0,0,"- ","- ",,,"LOS ANGELES","LOS ANGELES",-118.30384220000001,33.831494900000003
5942090,2013,2014-01-23,1942,2013-01-01,1520,37952,1323,2,5,7,1942,0,0,0,M,0,4TL4,"CENTRAL AV","22ND ST",8.00,S,N,A,-,N,,,,,,,,,,N,4,0,1,2,A,-,10,21950,A,N,G,B,B,A,H,-,A,A,0,Y,,,,Y,,-,99,0,0,1,0,1,0,0,0,0,"- ","- ",,,"LOS ANGELES","LOS ANGELES",-118.25316410000001,34.021612900000001
5942102,2013,2014-01-23,1942,2013-01-21,1120,32996,1124,1,5,7,1942,0,0,0,K,0,13TL53,"SAN FERNANDO RD","TYBURN ST",10.00,S,N,A,-,N,,,,,,,,,,N,2,0,1,2,A,-,10,21950,A,N,G,B,B,A,H,-,A,A,0,Y,,,,Y,,A,07,1,0,0,0,1,0,0,0,0,"- ","- ",,,"LOS ANGELES","LOS ANGELES",-118.25163000000001,34.120564600000002
5942140,2013,2014-01-23,1942,2013-01-08,0815,35936,1829,2,5,7,1942,0,0,0,R,0,18T23,"103RD ST","KALMIA ST",14.00,N,N,A,-,N,,,,,,,,,,N,4,0,2,3,A,-,10,21950,A,N,D,B,B,A,H,-,A,D,0,Y,,,,Y,,A,01,0,0,2,0,2,0,0,0,0,"- ","- ",,,"LOS ANGELES","LOS ANGELES",-118.23169828,33.943101830000003
5942179,2013,2014-01-25,1942,2013-01-25,1745,40339,1406,5,5,7,1942,0,0,0,N,0,14X22,"REGENT ST","W MOTOR AV",20.00,E,Y,A,-,N,,,,,,,,,,N,3,0,1,2,A,-,10,21950,A,F,G,B,B,B,H,-,B,A,0,Y,,,,Y,,-,99,0,1,0,0,1,0,0,0,0,"- ","- ",,,"LOS ANGELES","LOS ANGELES",-118.4056471,34.022734900000003
5942186,2013,2014-01-23,1953,2013-01-23,0804,5281,1953,3,5,6,1953,0,0,0,,0,001,"FILLMORE ST","FAIR OAKS BL",0.00,,Y,A,-,N,,,,,,,,,,N,4,0,1,2,A,-,10,21950,A,N,G,B,B,A,H,-,A,A,0,Y,,,,Y,,A,07,0,0,1,0,1,0,0,0,0,"- ","- ",,,"LOS ANGELES",PASADENA,-118.1503623,34.132944899999998
5942187,2013,2014-01-25,1901,2013-01-25,2020,244,,5,5,5,1901,0,0,0,,0,004,"VALLEY BL","PALM AV",0.00,,Y,B,-,N,,,,,,,,,,N,3,0,1,2,A,-,10,21950,A,N,G,B,B,B,H,-,C,D,0,Y,,,,Y,Y,A,01,0,1,0,0,1,0,0,0,0,"- ","- ",,,"LOS ANGELES",ALHAMBRA,-118.14656220000001,34.077274899999999
5942194,2013,2014-01-23,1942,2013-01-17,1530,36184,0509,4,5,7,1942,0,0,0,E,0,5Z1,LOMITA,"BELLE PORTE",0.00,,Y,A,-,N,,,,,,,,,,N,3,0,1,2,A,-,10,21950,A,N,G,B,B,A,H,-,A,A,0,Y,,,,Y,,A,01,0,1,0,0,1,0,0,0,0,"- ","- ",,,"LOS ANGELES","LOS ANGELES",-118.3011523,33.797814899999999
5942210,2013,2014-01-23,1942,2013-01-25,0615,39636,0334,5,5,7,1942,0,0,0,C,0,5T21,"CRENSHAW BL","JEFFERSON BL",0.00,,Y,C,-,N,,,,,,,,,,N,4,0,1,2,A,-,10,21950,A,N,G,B,B,B,H,-,C,A,0,Y,,,,Y,,A,01,0,0,1,0,1,0,0,0,0,"- ","- ",,,"LOS ANGELES","LOS ANGELES",-118.3351523,34.025574900000002
5942232,2013,2014-01-27,1942,2013-01-26,1920,36738,0529,6,5,7,1942,0,0,0,E,0,18T39,"ANAHEIM ST","AVALON BL",20.00,W,N,B,-,N,,,,,,,,,,N,3,0,1,2,A,-,10,21950,A,N,G,B,B,A,H,-,C,A,0,Y,,,,Y,,A,01,0,1,0,0,1,0,0,0,0,"- ","- ",,,"LOS ANGELES","LOS ANGELES",-118.26252770000001,33.779961299999997
5942242,2013,2014-01-25,1942,2013-01-16,1944,41008,0375,3,5,7,1942,0,0,0,C,0,12A45,"MARTIN LUTHER KING BL","WESTERN AV",125.00,W,N,A,-,N,,,,,,,,,,N,4,0,1,2,A,-,11,21954,A,N,G,B,D,A,H,-,C,D,0,Y,,,,Y,,N,60,0,0,1,0,1,0,0,0,0,"- ","- ",,,"LOS ANGELES","LOS ANGELES",-118.3093439,34.010854799999997
5942245,2013,2014-01-25,1942,2013-01-20,1900,40705,513,7,5,7,1942,0,0,0,,0,5T21,"VERMONT AV","253RD ST",8.00,N,N,A,-,N,,,,,,,,,,N,3,0,1,2,A,-,10,21950,A,N,G,B,B,A,H,-,C,D,0,Y,,,,Y,,A,01,0,1,0,0,1,0,0,0,0,"- ","- ",,,"LOS ANGELES","LOS ANGELES",-118.29090170000001,33.794716800000003
5942266,2013,2014-01-25,1942,2013-01-28,1300,39317,0567,1,5,7,1942,0,0,0,E,0,5T21,"PACIFIC AV","22ND ST",0.00,,Y,A,-,N,,,,,,,,,,N,4,0,1,2,A,-,10,21950,A,N,G,B,B,A,H,-,A,A,0,Y,,,,Y,,A,01,0,0,1,0,1,0,0,0,0,"- ","- ",,,"LOS ANGELES","LOS ANGELES",-118.2879923,33.724234899999999
5942270,2013,2014-01-25,1942,2013-01-27,1635,36738,0528,7,5,7,1942,0,0,0,E,0,18T39,"ROBIDOUX ST","WATSON AV",275.00,W,N,A,-,N,,,,,,,,,,N,3,0,1,2,A,-,11,21956,A,N,G,B,D,A,H,-,A,D,0,Y,,,,Y,,N,60,0,1,0,0,1,0,0,0,0,"- ","- ",,,"LOS ANGELES","LOS ANGELES",-118.2488237,33.788378000000002
5942272,2013,2014-01-23,1942,2013-01-30,0550,35267,0889,3,5,7,1942,0,0,0,H,0,8T53,"LA CIENEGA BL","GUTHRIE AV",28.00,S,N,A,-,N,,,,,,,,,,N,2,0,1,2,A,-,11,21955,,N,G,B,E,A,H,-,B,A,0,Y,,,,Y,,N,60,1,0,0,0,1,0,0,0,0,"- ","- ",,,"LOS ANGELES","LOS ANGELES",-118.37701319999999,34.040270100000001
5942285,2013,2014-04-05,1953,2013-01-01,0100,1150,1953,2,5,6,1953,0,0,0,,0,RF21,"ORANGE GROVE BL","CALIFORNIA BL",80.00,S,N,A,-,N,,,,,,,,,,N,4,0,1,2,A,-,"- ",,,N,G,B,E,A,H,-,C,D,0,Y,,Y,,Y,,C,02,0,0,1,0,1,0,0,0,0,"- ","- ",,,"LOS ANGELES",PASADENA,-118.1589939,34.135516000000003
5942290,2013,2014-01-25,1900,2013-01-29,0810,253807,2611,2,5,6,1950,0,0,0,,0,261T1,"PALMDALE BL","DIVISION ST",0.00,,Y,A,-,N,,,,,,,,,,N,4,0,1,2,A,-,10,21950,A,N,D,B,B,A,H,-,A,A,0,Y,,,,Y,,A,01,0,0,1,0,1,0,0,0,0,"- ","- ",,,"LOS ANGELES",PALMDALE,-118.12955220000001,34.579895
5942296,2013,2014-01-23,1942,2013-01-22,1700,39291,0376,2,5,7,1942,0,0,0,C,0,5TL25,"EXPOSITION BL","WESTERN AV",20.00,W,N,A,-,N,,,,,,,,,,N,4,0,1,2,A,-,11,21950,B,N,G,B,B,A,H,-,B,A,0,Y,,,,Y,,N,60,0,0,1,0,1,0,0,0,0,"- ","- ",,,"LOS ANGELES","LOS ANGELES",-118.3089981,34.018435400000001
5942301,2013,2014-01-25,1953,2013-01-23,0825,5300,1953,3,5,6,1953,0,0,0,,0,002,"WORCESTER AV","ORANGE GROVE BL",75.00,N,N,A,-,N,,,,,,,,,,N,3,0,2,3,A,-,10,21952,,N,G,B,F,A,H,-,A,D,0,Y,,,,Y,,-,"- ",0,1,1,0,2,0,0,0,0,"- ","- ",,,"LOS ANGELES",PASADENA,-118.1449439,34.158030500000002
5942305,2013,2014-01-25,1942,2013-01-17,1405,40686,0374,4,5,7,1942,0,0,0,C,0,12T73,"WESTSIDE AV","MARTIN LUTHER KING JR BL",294.00,N,N,A,-,N,,,,,,,,,,N,4,0,1,2,A,-,10,21952,,N,G,B,F,A,H,-,A,D,0,Y,,,,Y,,A,01,0,0,1,0,1,0,0,0,0,"- ","- ",,,"LOS ANGELES","LOS ANGELES",-118.327107,34.011690999999999
5942313,2013,2014-01-25,1942,2013-01-18,1015,36607,0319,5,5,7,1942,0,0,0,C,0,12T41,"23RD ST","ESTRELLA AV",0.00,,Y,A,-,N,,,,,,,,,,N,3,0,1,2,A,-,10,21950,A,N,G,B,B,A,H,-,A,A,0,Y,,,,Y,,A,01,0,1,0,0,1,0,0,0,0,"- ","- ",,,"LOS ANGELES","LOS ANGELES",-118.27671220000001,34.0319249
5942647,2013,2014-02-04,1942,2013-03-14,1805,40163,0971,4,5,7,1942,0,0,0,I,0,35EL16,"KESTER AV","MOORPARK ST",0.00,,Y,A,-,N,,,,,,,,,,N,3,0,1,2,D,-,00,,,N,D,B,-,A,H,-,A,D,0,Y,,,,Y,,-,"- ",0,1,0,0,1,0,0,0,0,"- ","- ",,,"LOS ANGELES","LOS ANGELES",-118.45743229999999,34.153804899999997
5942731,2013,2014-01-17,1955,2013-01-25,1900,40906,30,5,5,6,1955,0,0,0,,0,002,"FOOTHILL BL","LYNOAK DR",193.00,E,N,C,-,N,,,,,,,,,,N,2,0,1,3,A,-,11,21954,A,N,G,B,D,B,H,-,C,A,0,Y,,,,Y,,N,60,1,0,0,0,1,0,0,0,0,"- ","- ",,,"LOS ANGELES",POMONA,-117.7392162,34.107196899999998
5942743,2013,2014-01-17,1942,2013-01-30,1830,33007,1136,3,5,7,1942,0,0,0,K,0,2T28,"EAGLE ROCK BL","EL PASO DR",0.00,,Y,A,-,N,,,,,,,,,,N,3,0,1,2,A,-,10,21950,A,N,G,B,B,A,H,-,C,A,0,Y,,,,Y,,A,01,0,1,0,0,1,0,0,0,0,"- ","- ",,,"LOS ANGELES","LOS ANGELES",-118.2244122,34.122344900000002
5942751,2013,2014-04-01,1942,2013-01-23,1830,30847,1127,3,5,7,1942,0,0,0,K,0,11A26,"FIGUEROA ST","ARROYO GLEN",50.00,S,N,A,-,N,,,,,,,,,,N,3,0,1,2,A,-,11,21950,B,N,G,B,D,A,H,-,C,D,0,Y,,,,Y,,-,"- ",0,1,0,0,1,0,0,0,0,"- ","- ",,,"LOS ANGELES","LOS ANGELES",-118.1863692,34.113600599999998
5942755,2013,2014-01-17,1942,2013-01-30,1815,34426,1134,3,5,7,1942,0,0,0,K,0,13TL22,"CYPRESS AV","CAZADOR ST",146.00,S,N,A,-,N,,,,,,,,,,N,4,0,1,2,A,-,11,21954,A,N,G,-,E,A,H,-,C,D,0,Y,,,,Y,Y,N,60,0,0,1,0,0,0,0,0,0,"- ","- ",,,"LOS ANGELES","LOS ANGELES",-118.2368306,34.1032802
5942763,2013,2014-01-17,1942,2013-01-25,2110,38502,1181,5,5,7,1942,0,0,0,K,0,2T15,"GLENDALE BL","MONTANA ST",0.00,,Y,B,-,N,,,,,,,,,,N,4,0,1,2,A,-,10,21950,A,N,G,B,B,B,H,-,C,D,0,Y,,,,Y,,A,01,0,0,1,0,1,0,0,0,0,"- ","- ",,,"LOS ANGELES","LOS ANGELES",-118.2603323,34.079834900000002
5942783,2013,2014-01-17,1942,2013-01-05,1940,35021,1181,6,5,7,1942,0,0,0,K,0,2T15W3,"SUNSET BL","ALVARADO ST",20.00,W,N,A,-,N,,,,,,,,,,N,3,0,1,2,A,-,10,21950,A,N,G,B,B,A,H,-,C,A,0,Y,,,,Y,,A,01,0,1,0,0,1,0,0,0,0,"- ","- ",,,"LOS ANGELES","LOS ANGELES",-118.26355650000001,34.0776027
5942906,2013,2014-01-28,1907,2013-01-11,1550,190,,5,5,4,1907,0,0,0,,0,,"BELL AV","OTIS AV",21.00,E,N,A,-,N,,,,,,,,,,N,4,0,1,2,A,-,11,21954,A,N,G,B,E,A,H,-,A,A,0,Y,,,,Y,,N,60,0,0,1,0,1,0,0,0,0,"- ","- ",,,"LOS ANGELES",BELL,-118.1931635,33.975028000000002
5943107,2013,2014-02-01,9525,2013-03-01,1920,19188,,5,2,9,1900,0,3,5,,2,004,"PUENTE AV","BARRYDALE ST",0.00,,Y,A,-,N,,,,,,,,,,N,4,0,1,2,A,-,10,21950,A,N,E,J,E,A,H,-,C,D,0,Y,,,,Y,,D,22,0,0,1,0,1,0,0,0,0,"- ","- ",34.06185,-117.97076,"LOS ANGELES",UNINCORPORATED,-117.9709421,34.061974999999997
5943116,2013,2014-02-03,9525,2013-03-11,1620,15980,,1,2,9,1900,0,3,5,,2,003,"GRIFFITH AV","DOUBLEGROVE ST",50.00,S,N,A,-,N,,,,,,,,,,N,3,0,1,2,A,-,11,21954,A,N,G,B,D,A,H,-,A,D,0,Y,,,Y,Y,,N,60,0,1,0,0,1,0,0,0,0,"- ","- ",34.048299999999998,-117.94309,"LOS ANGELES",UNINCORPORATED,-117.943071,34.048481000000002
5943288,2013,2014-01-29,1953,2013-02-08,1756,5828,1953,5,5,6,1953,0,0,0,,0,,"LOS ROBLES AV","GREEN ST",10.00,N,N,C,-,N,,,,,,,,,,N,3,0,1,2,A,-,11,21456,A,N,G,B,B,B,H,-,C,A,0,Y,,,,Y,,N,60,0,1,0,0,1,0,0,0,0,"- ","- ",,,"LOS ANGELES",PASADENA,-118.1414322,34.144562299999997