CASE_ID,ACCIDENT_YEAR,PROC_DATE,JURIS,COLLISION_DATE,COLLISION_TIME,OFFICER_ID,REPORTING_DISTRICT,DAY_OF_WEEK,CHP_SHIFT,POPULATION,CNTY_CITY_LOC,SPECIAL_COND,BEAT_TYPE,CHP_BEAT_TYPE,CITY_DIVISION_LAPD,CHP_BEAT_CLASS,BEAT_NUMBER,PRIMARY_RD,SECONDARY_RD,DISTANCE,DIRECTION,INTERSECTION,WEATHER_1,WEATHER_2,STATE_HWY_IND,CALTRANS_COUNTY,CALTRANS_DISTRICT,STATE_ROUTE,ROUTE_SUFFIX,POSTMILE_PREFIX,POSTMILE,LOCATION_TYPE,RAMP_INTERSECTION,SIDE_OF_HWY,TOW_AWAY,COLLISION_SEVERITY,NUMBER_KILLED,NUMBER_INJURED,PARTY_COUNT,PRIMARY_COLL_FACTOR,PCF_CODE_OF_VIOL,PCF_VIOL_CATEGORY,PCF_VIOLATION,PCF_VIOL_SUBSECTION,HIT_AND_RUN,TYPE_OF_COLLISION,MVIW,PED_ACTION,ROAD_SURFACE,ROAD_COND_1,ROAD_COND_2,LIGHTING,CONTROL_DEVICE,CHP_ROAD_TYPE,PEDESTRIAN_ACCIDENT,BICYCLE_ACCIDENT,MOTORCYCLE_ACCIDENT,TRUCK_ACCIDENT,NOT_PRIVATE_PROPERTY,ALCOHOL_INVOLVED,STWD_VEHTYPE_AT_FAULT,CHP_VEHTYPE_AT_FAULT,COUNT_SEVERE_INJ,COUNT_VISIBLE_INJ,COUNT_COMPLAINT_PAIN,COUNT_PED_KILLED,COUNT_PED_INJURED,COUNT_BICYCLIST_KILLED,COUNT_BICYCLIST_INJURED,COUNT_MC_KILLED,COUNT_MC_INJURED,PRIMARY_RAMP,SECONDARY_RAMP,LATITUDE,LONGITUDE,COUNTY,CITY,POINT_X,POINT_Y
6073937,2013,2014-02-21,1942,2013-05-01,1410,39764,0733,3,5,7,1942,0,0,0,G,0,6T2,"FAIRFAX AV","6TH ST",0.00,,Y,A,-,N,,,,,,,,,,N,4,0,1,2,A,-,11,21456,B,N,G,B,B,A,H,-,A,A,0,Y,,,,Y,,N,60,0,0,1,0,1,0,0,0,0,"- ","- ",,,"LOS ANGELES","LOS ANGELES",-118.3614123,34.064864900000003
6073941,2013,2014-02-21,1942,2013-05-01,1500,36810,0721,3,5,7,1942,0,0,0,G,0,8TL26,"WILLAMAN DR","BURTON WY",0.00,,Y,A,-,N,,,,,,,,,,N,4,0,1,2,A,-,10,21950,A,N,G,B,B,A,H,-,A,A,0,Y,,,,Y,,A,01,0,0,1,0,1,0,0,0,0,"- ","- ",,,"LOS ANGELES","LOS ANGELES",-118.3806123,34.072344899999997
6073977,2013,2014-02-21,1942,2013-05-08,2100,38285,1621,3,5,7,1942,0,0,0,P,0,16TL23,"PAXTON ST","REMICK AV",0.00,,Y,A,-,N,,,,,,,,,,N,3,0,1,2,A,-,10,21950,A,F,G,B,B,A,H,-,C,A,0,Y,,,,Y,,-,99,0,1,0,0,1,0,0,0,0,"- ","- ",,,"LOS ANGELES","LOS ANGELES",-118.4400823,34.263544899999999
6074143,2013,2013-09-10,1942,2013-07-10,1025,39658,0248,3,5,7,1942,0,0,0,B,0,2T14,"4TH ST","HARTFORD AV",15.00,E,N,A,-,N,,,,,,,,,,N,4,0,1,2,A,-,11,21954,A,N,G,B,E,A,H,-,A,D,0,Y,,,,Y,,N,60,0,0,1,0,1,0,0,0,0,"- ","- ",,,"LOS ANGELES","LOS ANGELES",-118.26309500000001,34.057344999999998
6074241,2013,2013-08-19,1942,2013-07-30,1710,33779,1079,2,5,7,1942,0,0,0,J,0,15TL44,"HASKELL AV","LA MAIDA ST",21.00,N,N,A,-,N,,,,,,,,,,N,4,0,1,3,A,-,21,22106,,N,H,D,E,A,H,-,A,A,0,Y,,,,Y,,A,01,0,0,1,0,1,0,0,0,0,"- ","- ",,,"LOS ANGELES","LOS ANGELES",-118.47491220000001,34.158492500000001
6074324,2013,2013-11-26,1931,2013-08-08,2100,5264,1931,4,5,5,1931,0,0,0,,0,001,"SLAUSON AV","MALABAR ST",100.00,E,N,A,-,N,,,,,,,,,,N,4,0,1,2,B,-,22,,,N,G,B,E,A,H,-,C,D,0,Y,,,,Y,,J,48,0,0,1,0,1,0,0,0,0,"- ","- ",,,"LOS ANGELES","HUNTINGTON PARK",-118.22752300000001,33.989204899999997
6074561,2013,2013-09-25,1942,2013-08-29,1220,36754,1834,4,5,7,1942,0,0,0,R,0,5T21W2,"108TH ST","CENTRAL AV",0.00,,Y,A,-,N,,,,,,,,,,N,3,0,1,2,A,-,10,21950,A,N,G,B,B,A,H,-,A,A,0,Y,,,,Y,,J,48,0,1,0,0,1,0,0,0,0,"- ","- ",,,"LOS ANGELES","LOS ANGELES",-118.2542523,33.9382649
6074783,2013,2014-02-20,1942,2013-04-30,1710,35481,0919,2,5,7,1942,0,0,0,I,0,9TL54,"SHERMAN WY","ALLOTT AV",115.00,W,N,A,-,N,,,,,,,,,,N,4,0,1,2,A,-,11,21955,,N,G,B,D,A,H,-,A,D,0,Y,,,,Y,,N,60,0,0,1,0,1,0,0,0,0,"- ","- ",,,"LOS ANGELES","LOS ANGELES",-118.4284219,34.201174899999998
6074954,2013,2014-09-02,1931,2013-04-30,1315,5248,1931,2,5,5,1931,0,0,0,,0,THREE,"GAGE AV","PACIFIC BL",0.00,,Y,C,-,N,,,,,,,,,,N,4,0,1,2,A,-,10,21950,A,N,G,B,B,A,H,-,A,A,0,Y,,,,Y,,-,"- ",0,0,1,0,1,0,0,0,0,"- ","- ",,,"LOS ANGELES","HUNTINGTON PARK",-118.22525229999999,33.981674900000002
6075364,2013,2014-02-19,1942,2013-04-26,1040,33886,0841,5,5,7,1942,0,0,0,H,0,6TL7,"ROCHESTER AV","BUNDY DR",7.00,W,N,A,-,N,,,,,,,,,,N,4,0,1,2,A,-,10,21950,A,N,G,B,B,A,H,-,A,A,0,Y,,,,Y,,A,01,0,0,1,0,1,0,0,0,0,"- ","- ",,,"LOS ANGELES","LOS ANGELES",-118.4649994,34.042012
6075379,2013,2014-02-19,1942,2013-04-19,2110,40869,1831,5,5,7,1942,0,0,0,R,0,12A3,VERMONT,"104TH ST",0.00,,Y,A,-,N,,,,,,,,,,N,3,0,1,2,A,-,11,21955,,F,G,B,D,A,H,-,C,A,0,Y,,,,Y,,N,60,0,1,0,0,1,0,0,0,0,"- ","- ",,,"LOS ANGELES","LOS ANGELES",-118.2916322,33.9423149
6075388,2013,2014-02-18,1942,2013-04-09,1310,34959,0677,2,5,7,1942,0,0,0,F,0,20T56,"WILTON PL","MELROSE AV",387.00,N,N,A,-,N,,,,,,,,,,N,3,0,1,2,A,-,11,21954,A,N,G,B,D,A,H,-,A,D,0,Y,,,,Y,,N,60,0,1,0,0,1,0,0,0,0,"- ","- ",,,"LOS ANGELES","LOS ANGELES",-118.31355689999999,34.084576200000001
6075391,2013,2014-02-19,1942,2013-04-27,2150,25458,1821,6,5,7,1942,0,0,0,R,0,18A28,COLDEN,"BARING CROSS",0.00,,Y,A,-,N,,,,,,,,,,N,4,0,1,2,A,-,10,21950,A,F,G,B,C,A,H,-,C,D,0,Y,,,,Y,,-,99,0,0,1,0,1,0,0,0,0,"- ","- ",,,"LOS ANGELES","LOS ANGELES",-118.2893622,33.9491449
6075393,2013,2014-03-25,1942,2013-04-18,1010,41122,0852,4,5,7,1942,0,0,0,H,0,8A53,"OHIO AV","BARRINGTON AV",0.00,,Y,A,-,N,,,,,,,,,,N,3,0,1,2,A,-,10,21950,A,N,A,B,B,A,H,-,A,A,0,Y,,,,Y,,A,01,0,1,0,0,1,0,0,0,0,"- ","- ",,,"LOS ANGELES","LOS ANGELES",-118.4566623,34.044424900000003
6075436,2013,2014-02-18,1942,2013-04-14,2230,39507,0639,7,5,7,1942,0,0,0,F,0,14TL47,"WINONA BL","HOLLYWOOD BL",0.00,,Y,A,-,N,,,,,,,,,,N,3,0,1,2,A,-,"- ",,,F,G,B,B,A,H,-,C,D,0,Y,,,,Y,Y,-,99,0,1,0,0,1,0,0,0,0,"- ","- ",,,"LOS ANGELES","LOS ANGELES",-118.3022122,34.1017449
6075439,2013,2014-02-19,1942,2013-04-17,1550,36256,0841,3,5,7,1942,0,0,0,H,0,8Z9,"BUNDY AV","WILSHIRE BL",9.00,S,N,A,-,N,,,,,,,,,,N,3,0,1,2,A,-,11,21456,A,N,G,B,D,A,H,-,A,A,0,Y,,,,Y,,N,60,0,1,0,0,1,0,0,0,0,"- ","- ",,,"LOS ANGELES","LOS ANGELES",-118.46748150000001,34.044077199999997
6075464,2013,2014-04-03,1942,2013-04-30,1450,39550,1115,2,5,7,1942,0,0,0,K,0,11A37,"EAGLE ROCK BL","YOSEMITE DR",300.00,N,N,A,-,N,,,,,,,,,,N,4,0,1,2,A,-,"- ",,,N,G,B,F,A,H,-,A,D,0,Y,Y,,,Y,,L,04,0,0,1,0,1,0,0,0,0,"- ","- ",,,"LOS ANGELES","LOS ANGELES",-118.21511270000001,34.135891000000001
6075476,2013,2014-02-19,1941,2013-04-27,1414,6317,,6,5,7,1941,0,0,0,,0,,"CEDAR AV","S 20TH ST",100.00,S,N,A,-,N,,,,,,,,,,N,4,0,1,2,A,-,11,21954,A,N,G,B,D,A,H,-,A,A,0,Y,,,,Y,,N,,0,0,1,0,1,0,0,0,0,"- ","- ",,,"LOS ANGELES","LONG BEACH",-118.19511060000001,33.793200599999999
6075495,2013,2014-02-19,1942,2013-04-08,1425,40099,1326,1,5,7,1942,0,0,0,M,0,13TL22,"HOOPER AV",25TH,76.00,N,N,A,-,N,,,,,,,,,,N,4,0,1,2,A,-,21,22106,,F,G,B,E,A,H,-,A,D,0,Y,,,,Y,,-,99,0,0,1,0,1,0,0,0,0,"- ","- ",,,"LOS ANGELES","LOS ANGELES",-118.2493008,34.017560899999999
6075502,2013,2014-02-15,1942,2013-04-02,1555,37080,0914,2,5,7,1942,0,0,0,I,0,15TL42,"VAN NUYS BL","VOSE ST",0.00,,Y,A,-,N,,,,,,,,,,N,3,0,1,2,D,-,00,,,F,D,B,B,A,H,-,A,A,0,Y,,,,Y,,-,"- ",0,1,0,0,1,0,0,0,0,"- ","- ",,,"LOS ANGELES","LOS ANGELES",-118.4487523,34.198464899999998
6075506,2013,2014-02-15,1942,2013-04-04,0315,27792,0914,4,5,7,1942,0,0,0,I,0,10TL35,"SHERMAN WY","VAN NUYS BL",186.00,W,N,B,-,N,,,,,,,,,,N,3,0,1,2,A,-,11,21955,,F,G,B,D,A,H,-,C,D,0,Y,,,,Y,Y,N,60,0,1,0,0,1,0,0,0,0,"- ","- ",,,"LOS ANGELES","LOS ANGELES",-118.44937520000001,34.201164900000002
6075510,2013,2014-02-15,1942,2013-04-02,0000,36744,1999,2,5,7,1942,0,0,0,,0,19A93,"VENTURA CANYON AV","WILLARD ST",58.00,S,N,B,-,N,,,,,,,,,,N,4,0,1,3,A,-,03,22350,,F,C,B,F,A,H,-,C,D,0,Y,,,,Y,,-,"- ",0,0,1,0,1,0,0,0,0,"- ","- ",,,"LOS ANGELES","LOS ANGELES",-118.4287337,34.217585800000002
6075516,2013,2014-02-18,1942,2013-04-19,0900,37469,643,5,5,7,1942,0,0,0,,0,6TL7,"HOLLYWOOD BL","FULLER AV",7.00,W,N,A,-,N,,,,,,,,,,N,2,0,1,2,A,-,11,21453,D,N,G,B,B,A,H,-,A,A,0,Y,,,,Y,,N,60,1,0,0,0,1,0,0,0,0,"- ","- ",,,"LOS ANGELES","LOS ANGELES",-118.3489853,34.101615299999999
6075763,2013,2014-02-08,1942,2013-03-29,1520,38312,2015,5,5,7,1942,0,0,0,,0,20A69,"BEVERLY BL","KENMORE AV",0.00,,Y,A,-,N,,,,,,,,,,N,3,0,1,2,A,-,12,21453,A,N,A,B,B,A,H,-,A,A,0,Y,,,,Y,,-,99,0,1,0,0,1,0,0,0,0,"- ","- ",,,"LOS ANGELES","LOS ANGELES",-118.2969622,34.076304899999997
6075771,2013,2014-02-08,1942,2013-03-11,0925,40491,0823,1,5,7,1942,0,0,0,H,0,7T23,"TEMESCAL CANYON RD","PACIFIC COAST HWY",13.00,E,N,A,-,N,,,,,,,,,,N,3,0,1,2,A,-,11,21456,B,N,G,B,B,A,H,-,A,A,0,Y,,,,Y,,N,60,0,1,0,0,1,0,0,0,0,"- ","- ",,,"LOS ANGELES","LOS ANGELES",-118.5357513,34.035859500000001
6075831,2013,2014-02-08,1942,2013-03-31,0310,33504,0656,7,5,7,1942,0,0,0,F,0,6A45W3,ELEANOR,"GOWER ST",180.00,W,N,B,-,N,,,,,,,,,,N,3,0,1,4,A,-,03,22350,,F,G,B,E,A,H,-,C,D,0,Y,,,,Y,,-,99,0,1,0,0,1,0,0,0,0,"- ","- ",,,"LOS ANGELES","LOS ANGELES",-118.3228756,34.089842099999998
6075862,2013,2014-02-08,1963,2013-03-13,1555,00327,122,3,5,3,1963,0,0,0,,0,001,"CHARLTON RD","MONTEREY DR",65.00,S,N,A,-,N,,,,,,,,,,N,2,0,1,2,A,-,11,21950,B,F,G,B,D,A,H,-,A,D,0,Y,,,,Y,,N,60,1,0,0,0,1,0,0,0,0,"- ","- ",,,"LOS ANGELES","SAN MARINO",-118.1174956,34.119900199999996
6075877,2013,2014-02-08,1976,2013-03-30,1031,209,,6,5,3,1964,0,0,0,,0,002,"NORWALK BL","FLORENCE AV",81.00,N,N,A,-,N,,,,,,,,,,Y,4,0,1,2,A,-,03,22350,,N,G,B,F,A,H,-,A,A,0,Y,,,,Y,,A,01,0,0,1,0,1,0,0,0,0,"- ","- ",,,"LOS ANGELES","SANTA FE SPRINGS",-118.07273069999999,33.9355969
6075881,2013,2014-02-08,1941,2013-03-30,1730,10008,,6,5,7,1941,0,0,0,,0,,"ATLANTIC AV","64TH ST",0.00,,Y,A,-,N,,,,,,,,,,Y,4,0,1,2,A,-,21,22106,,N,G,B,B,A,H,-,A,A,0,Y,,,,Y,,A,,0,0,1,0,1,0,0,0,0,"- ","- ",,,"LOS ANGELES","LONG BEACH",-118.18596220000001,33.870644900000002
6075902,2013,2014-02-08,1942,2013-03-23,0240,38669,1944,6,5,7,1942,0,0,0,,0,19A43,"LAUREL CANYON BL","CHATSWORTH DR",0.00,,Y,A,-,N,,,,,,,,,,N,4,0,1,2,A,-,11,21456,B,F,G,B,B,A,H,-,C,A,0,Y,,,,Y,Y,N,60,0,0,1,0,1,0,0,0,0,"- ","- ",,,"LOS ANGELES","LOS ANGELES",-118.44839229999999,34.274054900000003
6075910,2013,2014-02-08,1942,2013-03-31,1850,38185,1653,7,5,7,1942,0,0,0,P,0,10TL34,"TAMARACK AV","WINGO ST",10.00,E,N,B,-,N,,,,,,,,,,N,4,0,1,2,A,-,03,22350,,F,G,B,D,A,H,-,C,A,0,Y,,,,Y,,-,99,0,0,1,0,1,0,0,0,0,"- ","- ",,,"LOS ANGELES","LOS ANGELES",-118.4111334,34.251568399999996
6076375,2013,2014-03-27,1942,2013-05-14,1555,37770,0849,2,5,7,1942,0,0,0,H,0,14TL52,"PICO BL","WOOSTER ST",110.00,E,N,A,-,N,,,,,,,,,,N,3,0,1,4,A,-,03,22350,,N,C,B,E,A,H,-,A,A,0,Y,,,,Y,,A,08,0,1,0,0,1,0,0,0,0,"- ","- ",,,"LOS ANGELES","LOS ANGELES",-118.382259,34.0544771
6077009,2013,2014-12-24,1925,2013-05-16,1403,16835,246,4,5,6,1925,0,0,0,,0,003,"CHEVY CHASE DR","GARFIELD AV",0.00,,Y,A,-,N,,,,,,,,,,N,3,0,1,2,A,-,10,21950,A,N,G,B,B,A,H,-,A,A,0,Y,,,,Y,,D,22,0,1,0,0,1,0,0,0,0,"- ","- ",,,"LOS ANGELES",GLENDALE,-118.2396023,34.136015
6077027,2013,2014-02-20,1900,2013-05-14,1638,509614,2835,2,5,5,1915,0,0,0,,0,283T3,"WILLOW BROOK AV","MYRRH ST",300.00,N,N,A,-,N,,,,,,,,,,N,4,0,1,3,A,-,11,21954,A,N,G,B,E,A,H,-,A,D,0,Y,,,,Y,,N,60,0,0,1,0,1,0,0,0,0,"- ","- ",,,"LOS ANGELES",COMPTON,-118.2242083,33.893095099999996
6077700,2013,2014-02-08,1922,2013-03-21,0530,604,,4,5,6,1922,0,0,0,,0,,TYLER,VALLEY,0.00,,Y,A,-,N,,,,,,,,,,N,2,0,1,2,D,-,00,,,F,G,B,B,A,H,-,C,A,0,Y,,,,Y,Y,-,"- ",1,0,0,0,1,0,0,0,0,"- ","- ",,,"LOS ANGELES","EL MONTE",-118.0355323,34.074005
6077769,2013,2014-02-08,1922,2013-03-26,1400,502,,2,5,6,1922,0,0,0,,0,004,KLINGERMAN,DURFEE,0.00,,Y,A,-,N,,,,,,,,,,N,3,0,1,2,A,-,10,21950,A,N,G,B,B,A,H,-,A,A,0,Y,,,,Y,,A,08,0,1,0,0,1,0,0,0,0,"- ","- ",,,"LOS ANGELES","EL MONTE",-118.0236622,34.050854899999997
6078577,2013,2014-02-21,1941,2013-05-14,2140,6291,,2,5,7,1941,0,0,0,,0,,"ATLANTA AV",ROOSEVELT,8.00,N,N,A,-,N,,,,,,,,,,N,4,0,1,2,A,-,10,21950,A,N,G,B,B,A,H,-,C,A,0,Y,,,,Y,,A,,0,0,1,0,1,0,0,0,0,"- ","- ",,,"LOS ANGELES","LONG BEACH",-118.18495900000001,33.828972
6079200,2013,2014-02-18,1900,2013-04-12,2155,525096,1353,5,5,3,1927,0,0,0,,0,135B,"NORWALK BL","216TH ST",0.00,,Y,A,-,N,,,,,,,,,,N,3,0,1,2,A,-,10,21950,A,N,G,B,B,A,H,-,C,A,0,Y,,,,Y,,A,08,0,1,0,0,1,0,0,0,0,"- ","- ",,,"LOS ANGELES","HAWAIIAN GARDENS",-118.0721223,33.833274899999999
6079620,2013,2014-04-05,1942,2013-05-15,1405,35127,1771,3,5,7,1942,0,0,0,Q,0,17A49,"MASON AV","PRAIRIE ST",0.00,,Y,A,-,N,,,,,,,,,,N,2,0,1,2,A,-,10,21950,A,N,G,B,B,A,H,-,A,A,0,Y,,,,Y,,A,01,1,0,0,0,1,0,0,0,0,"- ","- ",,,"LOS ANGELES","LOS ANGELES",-118.57981239999999,34.239105000000002
6079671,2013,2014-02-21,1942,2013-05-12,2205,32820,1549,7,5,7,1942,0,0,0,O,0,15A39,"FULCHER AV","BURBANK BL",0.00,,Y,A,-,N,,,,,,,,,,N,3,0,1,2,A,-,10,21950,A,N,G,B,B,A,H,-,C,A,0,Y,,,,Y,,A,01,0,1,0,0,1,0,0,0,0,"- ","- ",,,"LOS ANGELES","LOS ANGELES",-118.3740823,34.172204899999997
6079676,2013,2014-02-21,1942,2013-05-19,2100,38603,1041,7,5,7,1942,0,0,0,J,0,10T35,"TAMPA AV","HATTERAS ST",8.00,S,N,A,-,N,,,,,,,,,,N,4,0,2,3,A,-,10,21950,A,N,G,B,B,A,H,-,C,D,0,Y,,,,Y,,A,01,0,0,2,0,2,0,0,0,0,"- ","- ",,,"LOS ANGELES","LOS ANGELES",-118.5535022,34.175802900000001
6079735,2013,2014-02-24,1942,2013-05-18,1000,39473,1785,6,5,7,1942,0,0,0,Q,0,9TL57,"DARBY AV","GRESHAM ST",0.00,,Y,A,-,N,,,,,,,,,,N,3,0,1,2,D,-,00,,,F,G,B,-,A,H,-,A,A,0,Y,,,,Y,,-,"- ",0,1,0,0,1,0,0,0,0,"- ","- ",,,"LOS ANGELES","LOS ANGELES",-118.53360240000001,34.230744899999998
6079845,2013,2014-02-21,1976,2013-05-08,2244,597,,3,5,5,1976,0,0,0,,0,,"LAMBERT RD","SANTA FE SPRINGS RD",150.00,W,N,A,-,N,,,,,,,,,,N,3,0,1,2,A,-,11,21956,A,N,G,B,E,A,H,-,C,D,0,Y,,,,Y,,N,60,0,1,0,0,1,0,0,0,0,"- ","- ",,,"LOS ANGELES",WHITTIER,-118.046144,33.964132599999999
6080254,2013,2014-02-08,1900,2013-03-31,2003,531274,1323,7,5,5,1935,0,0,0,,0,132B,"PARAMOUNT BL","GREENTOP ST",0.00,,Y,A,-,N,,,,,,,,,,N,2,0,1,2,A,-,11,21955,,N,G,B,E,A,H,-,C,D,0,Y,,,,Y,,N,,1,0,0,0,1,0,0,0,0,"- ","- ",,,"LOS ANGELES",LAKEWOOD,-118.1601422,33.839904900000001
6080290,2013,2014-02-15,1900,2013-04-10,1525,513101,1369,3,5,5,1952,0,0,0,,0,133T1,"DOWNEY AV","FLOWER ST",20.00,S,N,A,-,N,,,,,,,,,,N,2,0,1,2,A,-,09,21801,A,N,G,B,B,A,H,-,A,A,0,Y,,,,Y,,A,,1,0,0,0,1,0,0,0,0,"- ","- ",,,"LOS ANGELES",PARAMOUNT,-118.1513619,33.881920000000001
6080935,2013,2014-02-24,1942,2013-04-30,1600,24902,0665,2,5,7,1942,0,0,0,F,0,6A65,"SANTA MONICA BL","LAS PALMAS AV",17.00,W,N,A,-,N,,,,,,,,,,N,3,0,1,2,A,-,11,21954,A,N,G,B,D,A,H,-,A,A,0,Y,,,,Y,,N,60,0,1,0,0,1,0,0,0,0,"- ","- ",,,"LOS ANGELES","LOS ANGELES",-118.3363782,34.090714400000003
6080943,2013,2014-02-24,1900,2013-04-25,0500,510521,2842,4,5,5,1915,0,0,0,,0,282T1,"ARTESIA BL","SANTA FE AV",0.00,,Y,A,-,N,,,,,,,,,,N,4,0,1,2,D,-,00,,,F,G,B,B,-,H,-,B,A,0,Y,,,,Y,,-,"- ",0,0,1,0,1,0,0,0,0,"- ","- ",,,"LOS ANGELES",COMPTON,-118.21459230000001,33.874294900000002
6081036,2013,2014-02-22,1925,2013-05-17,1037,24111,172,5,5,6,1925,0,0,0,,0,001,"PACIFIC AV","PALM DR",0.00,,Y,A,-,N,,,,,,,,,,N,3,0,1,2,A,-,03,22350,,F,G,B,B,A,H,-,A,D,0,Y,,,,Y,,-,"- ",0,1,0,0,1,0,0,0,0,"- ","- ",,,"LOS ANGELES",GLENDALE,-118.2646223,34.161704899999997
6081116,2013,2014-02-21,1942,2013-05-10,0815,25302,1494,5,5,7,1942,0,0,0,N,0,14FBL8,"EAST WY","WORLD WAY",25.00,S,N,B,-,N,,,,,,,,,,N,4,0,1,2,A,-,10,21950,A,N,G,B,B,A,H,-,A,D,0,Y,,,,Y,,A,01,0,0,1,0,1,0,0,0,0,"- ","- ",,,"LOS ANGELES","LOS ANGELES",-118.402108,33.945335200000002
6081374,2013,2014-02-19,1900,2013-05-15,1345,509614,2836,3,5,5,1915,0,0,0,,0,283T,"OLEANDER AV","JOHNSON ST",60.00,N,N,A,-,N,,,,,,,,,,N,4,0,1,2,A,-,10,21950,A,N,G,B,E,A,H,-,A,D,0,Y,,,,Y,,A,08,0,0,1,0,1,0,0,0,0,"- ","- ",,,"LOS ANGELES",COMPTON,-118.2279556,33.883448999999999
6081589,2013,2014-08-12,1942,2013-04-21,2055,40144,1135,7,5,7,1942,0,0,0,K,0,11A42,"W AVENUE 33",VERDUGO,100.00,E,N,B,-,N,,,,,,,,,,N,3,0,1,2,A,-,03,22350,,F,B,B,E,A,H,-,C,A,0,Y,,,,Y,,-,99,0,1,0,0,1,0,0,0,0,"- ","- ",,,"LOS ANGELES","LOS ANGELES",-118.2358357,34.111455599999999
6081770,2013,2014-02-19,1941,2013-05-17,2111,6059,,5,5,7,1941,0,0,0,,0,,"LEWIS AV","LEWIS AV 5639",0.00,,-,A,-,N,,,,,,,,,,N,4,0,1,2,D,-,00,,,N,G,B,F,A,H,-,C,D,0,Y,,,,Y,,-,"- ",0,0,1,0,1,0,0,0,0,"- ","- ",,,"LOS ANGELES","LONG BEACH",-118.180083,33.858910000000002
6081888,2013,2014-02-19,1941,2013-05-11,0926,10135,,6,5,7,1941,0,0,0,,0,,"7TH ST","ORANGE AV",0.00,,Y,A,-,N,,,,,,,,,,N,3,0,1,2,A,-,10,21950,A,N,H,B,B,A,H,-,A,D,0,Y,,,,Y,,A,,0,1,0,0,1,0,0,0,0,"- ","- ",,,"LOS ANGELES","LONG BEACH",-118.1763722,33.775294899999999
6081958,2013,2014-02-24,1900,2013-05-01,1430,273453,0625,3,5,6,1985,0,0,0,,0,63T1,"ORCHARD VILLAGE RD","DALBEY DR",0.00,,Y,A,-,N,,,,,,,,,,N,3,0,1,2,A,-,10,21950,A,N,G,B,B,A,H,-,A,A,0,Y,,,,Y,,A,01,0,1,0,0,1,0,0,0,0,"- ","- ",,,"LOS ANGELES","SANTA CLARITA",-118.5437324,34.384954999999998
6081970,2013,2014-02-24,1942,2013-05-14,1750,38023,1846,2,5,7,1942,0,0,0,R,0,18A26,"COMPTON AV","113TH ST",0.00,,Y,A,-,N,,,,,,,,,,N,3,0,1,2,A,-,11,21953,,N,A,B,B,A,H,-,A,D,0,Y,,,,Y,,A,07,0,1,0,0,1,0,0,0,0,"- ","- ",,,"LOS ANGELES","LOS ANGELES",-118.24632219999999,33.932054999999998
6081998,2013,2014-02-24,1942,2013-05-14,0610,37990,1208,2,5,7,1942,0,0,0,L,0,12A69,"FLOWER ST","VERNON AV",5.00,S,N,A,-,N,,,,,,,,,,N,4,0,1,2,A,-,11,21456,B,N,D,B,B,A,H,-,A,A,0,Y,,,,Y,Y,N,60,0,0,1,0,1,0,0,0,0,"- ","- ",,,"LOS ANGELES","LOS ANGELES",-118.2815822,34.003751100000002
6082326,2013,2014-02-27,9525,2013-05-05,2055,19891,,7,2,9,1900,0,3,5,,2,003,"SANDALWOOD ST","RENAULT ST",0.00,,Y,A,-,N,,,,,,,,,,N,3,0,1,2,A,-,11,21954,A,N,G,B,E,A,H,-,C,D,0,Y,,,,Y,,N,60,0,1,0,0,1,0,0,0,0,"- ","- ",34.014940000000003,-117.91822000000001,"LOS ANGELES",UNINCORPORATED,-117.91815219999999,34.014884899999998
6082854,2013,2014-02-25,1900,2013-05-15,2205,467502,460,3,5,4,1936,0,0,0,,0,46T1,"LEFFINGWELL RD","ARROYO DR",1116.00,E,N,A,-,N,,,,,,,,,,Y,3,0,1,2,A,-,11,21954,A,N,G,B,D,A,H,-,C,D,0,Y,,,,Y,Y,N,60,0,1,0,0,1,0,0,0,0,"- ","- ",,,"LOS ANGELES","LA MIRADA",-118.0124692,33.926755100000001
6082909,2013,2014-02-27,1900,2013-05-16,1256,442400,2912,4,5,4,1974,0,0,0,,0,,"BONITA DR","TEMPLE AV",0.00,,Y,A,-,N,,,,,,,,,,Y,3,0,1,2,A,-,03,22350,,N,G,B,F,A,H,-,A,A,0,Y,,Y,,Y,,C,02,0,1,0,0,1,0,0,0,0,"- ","- ",,,"LOS ANGELES",WALNUT,-117.8403022,34.046914899999997
6083187,2013,2014-02-25,1941,2013-05-27,2101,6222,,1,5,7,1941,0,0,0,,0,901-T,"ATLANTIC AV","ADAMS ST",0.00,,Y,A,-,N,,,,,,,,,,N,2,0,2,3,A,-,10,21950,A,N,G,B,C,A,H,-,C,D,0,Y,,,,Y,,-,"- ",1,1,0,0,2,0,0,0,0,"- ","- ",,,"LOS ANGELES","LONG BEACH",-118.18587220000001,33.869834900000001
6083274,2013,2014-02-24,9525,2013-05-20,0725,10888,,1,1,9,1900,0,3,5,,2,003,"SANDALWOOD AV","GLENTHORNE ST",0.00,,Y,A,-,N,,,,,,,,,,N,4,0,1,2,A,-,10,21950,A,F,G,B,D,A,H,-,A,D,0,Y,,,,Y,,-,99,0,0,1,0,1,0,0,0,0,"- ","- ",34.015650000000001,-117.91782000000001,"LOS ANGELES",UNINCORPORATED,-117.9178622,34.015524900000003
6083314,2013,2014-02-19,1942,2013-05-04,2500,37686,1453,6,5,7,1942,0,0,0,N,0,7T23,"ALLA RD","MAXELLA AV",0.00,N,N,A,-,N,,,,,,,,,,N,2,0,1,2,D,-,00,,,F,G,B,E,A,H,-,C,D,0,Y,,,,Y,Y,-,"- ",1,0,0,0,1,0,0,0,0,"- ","- ",,,"LOS ANGELES","LOS ANGELES",-118.4347023,33.990004900000002