CASE_ID,ACCIDENT_YEAR,PROC_DATE,JURIS,COLLISION_DATE,COLLISION_TIME,OFFICER_ID,REPORTING_DISTRICT,DAY_OF_WEEK,CHP_SHIFT,POPULATION,CNTY_CITY_LOC,SPECIAL_COND,BEAT_TYPE,CHP_BEAT_TYPE,CITY_DIVISION_LAPD,CHP_BEAT_CLASS,BEAT_NUMBER,PRIMARY_RD,SECONDARY_RD,DISTANCE,DIRECTION,INTERSECTION,WEATHER_1,WEATHER_2,STATE_HWY_IND,CALTRANS_COUNTY,CALTRANS_DISTRICT,STATE_ROUTE,ROUTE_SUFFIX,POSTMILE_PREFIX,POSTMILE,LOCATION_TYPE,RAMP_INTERSECTION,SIDE_OF_HWY,TOW_AWAY,COLLISION_SEVERITY,NUMBER_KILLED,NUMBER_INJURED,PARTY_COUNT,PRIMARY_COLL_FACTOR,PCF_CODE_OF_VIOL,PCF_VIOL_CATEGORY,PCF_VIOLATION,PCF_VIOL_SUBSECTION,HIT_AND_RUN,TYPE_OF_COLLISION,MVIW,PED_ACTION,ROAD_SURFACE,ROAD_COND_1,ROAD_COND_2,LIGHTING,CONTROL_DEVICE,CHP_ROAD_TYPE,PEDESTRIAN_ACCIDENT,BICYCLE_ACCIDENT,MOTORCYCLE_ACCIDENT,TRUCK_ACCIDENT,NOT_PRIVATE_PROPERTY,ALCOHOL_INVOLVED,STWD_VEHTYPE_AT_FAULT,CHP_VEHTYPE_AT_FAULT,COUNT_SEVERE_INJ,COUNT_VISIBLE_INJ,COUNT_COMPLAINT_PAIN,COUNT_PED_KILLED,COUNT_PED_INJURED,COUNT_BICYCLIST_KILLED,COUNT_BICYCLIST_INJURED,COUNT_MC_KILLED,COUNT_MC_INJURED,PRIMARY_RAMP,SECONDARY_RAMP,LATITUDE,LONGITUDE,COUNTY,CITY,POINT_X,POINT_Y
6095248,2013,2014-02-08,1900,2013-03-30,1830,480724,0975,6,5,4,1979,0,0,0,,0,92T1,"FOUNTAIN AV","HAYWORTH AV",8.00,W,N,A,-,N,,,,,,,,,,N,4,0,1,2,A,-,10,21950,A,N,G,B,B,A,-,-,A,D,0,Y,,,,Y,,A,01,0,0,1,0,1,0,0,0,0,"- ","- ",,,"LOS ANGELES","WEST HOLLYWOOD",-118.3630486,34.094434300000003
6095425,2013,2014-03-01,1942,2013-05-30,1935,38354,1555,4,5,7,1942,0,0,0,O,0,21T65,"VINELAND BL","MAGNOLIA AV",0.00,,Y,A,-,N,,,,,,,,,,Y,3,0,3,4,A,-,09,21801,A,N,D,B,F,A,H,-,A,A,0,Y,,,,Y,,-,"- ",0,1,2,0,2,0,0,0,0,"- ","- ",,,"LOS ANGELES","LOS ANGELES",-118.37066230000001,34.164914899999999
6095433,2013,2014-01-17,1933,2013-01-08,1516,695,33,2,5,6,1933,0,0,0,,0,004,"CRENSHAW BL","104TH ST",5.00,S,N,A,-,N,,,,,,,,,,N,3,0,1,2,A,-,10,21950,A,N,G,B,B,A,-,-,A,A,0,Y,,,,Y,,I,11,0,1,0,0,1,0,0,0,0,"- ","- ",,,"LOS ANGELES",INGLEWOOD,-118.3265423,33.941811100000002
6096090,2013,2014-02-27,1942,2013-05-09,1350,35393,0506,4,5,7,1942,0,0,0,E,0,5T21,"WESTERN AV","CARSON ST",0.00,,Y,A,-,N,,,,,,,,,,N,4,0,1,2,A,-,10,21950,A,N,G,B,B,A,H,-,A,A,0,Y,,,,Y,Y,A,01,0,0,1,0,1,0,0,0,0,"- ","- ",,,"LOS ANGELES","LOS ANGELES",-118.3091622,33.831444900000001
6096094,2013,2014-02-27,1942,2013-05-09,0920,40515,0514,4,5,7,1942,0,0,0,E,0,5T21,"FIGUEROA ST","L ST",50.00,N,N,A,-,N,,,,,,,,,,N,4,0,1,2,A,-,11,21955,,N,G,B,D,-,H,-,C,D,0,Y,,,,Y,,N,60,0,0,1,0,1,0,0,0,0,"- ","- ",,,"LOS ANGELES","LOS ANGELES",-118.280811,33.786131099999999
6096101,2013,2014-02-27,1942,2013-05-13,1330,39317,0328,1,5,7,1942,0,0,0,C,0,18T23,"30TH ST","UNIVERSITY AV",0.00,,Y,A,-,N,,,,,,,,,,N,3,0,1,2,A,-,10,21950,A,N,G,B,B,A,H,-,A,A,0,Y,,,,Y,,A,07,0,1,0,0,1,0,0,0,0,"- ","- ",,,"LOS ANGELES","LOS ANGELES",-118.2818023,34.026654899999997
6096133,2013,2014-02-27,1942,2013-05-11,1740,33599,0361,6,5,7,1942,0,0,0,C,0,3TL52,"LINSCOTT PL","NICOLET AV",200.00,W,N,A,-,N,,,,,,,,,,N,4,0,1,2,A,-,11,21954,A,N,G,B,E,A,H,-,A,D,0,Y,,,,Y,,N,60,0,0,1,0,1,0,0,0,0,"- ","- ",,,"LOS ANGELES","LOS ANGELES",-118.35093070000001,34.019151299999997
6096142,2013,2014-02-28,1942,2013-05-15,0940,39028,0528,3,5,7,1942,0,0,0,E,0,18T23,"SANFORD AV","ROBIDOUX ST",5.00,S,N,A,-,N,,,,,,,,,,N,3,0,1,2,A,-,10,21950,A,N,G,B,B,A,H,-,A,A,0,Y,,,,Y,,A,07,0,1,0,0,1,0,0,0,0,"- ","- ",,,"LOS ANGELES","LOS ANGELES",-118.250811,33.7882611
6096157,2013,2014-02-27,1942,2013-05-05,2215,39618,0541,7,5,7,1942,0,0,0,E,0,525,"PARK WESTERN DR","VIA LA PAZ",0.00,,Y,B,-,N,,,,,,,,,,N,4,0,1,2,A,-,10,21950,A,N,G,B,D,A,H,-,C,D,0,Y,,,,Y,,A,07,0,0,1,0,1,0,0,0,0,"- ","- ",,,"LOS ANGELES","LOS ANGELES",-118.2992823,33.756124800000002
6096186,2013,2014-02-25,1942,2013-05-08,0825,38385,0315,3,5,7,1942,0,0,0,C,0,3TL5,"ARLINGTON AV","25TH ST",0.00,,Y,A,-,N,,,,,,,,,,N,2,0,1,2,A,-,10,21950,A,F,G,B,B,A,H,-,A,A,0,Y,,,,Y,,-,99,1,0,0,0,1,0,0,0,0,"- ","- ",,,"LOS ANGELES","LOS ANGELES",-118.3176923,34.033825
6096732,2013,2014-02-26,1942,2013-05-04,1600,37623,0312,6,5,7,1942,0,0,0,C,0,3A12,"ALSACE AV","WESTHAVEN BL",10.00,W,N,A,-,N,,,,,,,,,,N,4,0,2,3,A,-,10,21950,A,F,G,B,B,A,H,-,A,A,0,Y,,,,Y,,-,99,0,0,2,0,2,0,0,0,0,"- ","- ",,,"LOS ANGELES","LOS ANGELES",-118.3563825,34.029808799999998
6096747,2013,2014-02-28,1900,2013-05-24,1130,484917,2610,5,5,6,1950,0,0,0,,0,260M3,"PALMDALE BL","9TH ST EAST",0.00,,Y,A,-,Y,LA,7,138,-,-,44.551,I,5,W,N,4,0,1,2,A,-,11,21950,B,N,-,B,B,A,H,-,A,A,0,Y,,,,Y,,N,60,0,0,1,0,1,0,0,0,0,"- ","- ",,,"LOS ANGELES",PALMDALE,-118.11436310000001,34.579594700000001
6096770,2013,2014-02-24,9525,2013-05-18,2015,20247,,6,2,9,1900,0,3,5,,2,003,"BANNON AV","MAPLEGROVE ST",400.00,S,N,A,-,N,,,,,,,,,,N,3,0,1,2,A,-,11,21954,A,N,G,B,D,A,H,-,C,D,0,Y,,,,Y,,N,60,0,1,0,0,1,0,0,0,0,"- ","- ",34.043810000000001,-117.94410000000001,"LOS ANGELES",UNINCORPORATED,-117.94411909999999,34.044261900000002
6096771,2013,2014-02-25,1942,2013-05-28,0745,136754,0391,2,5,7,1942,0,0,0,C,0,3T5,"SANTO TOMAS DR","SOMMERSET LN",15.00,W,N,A,-,N,,,,,,,,,,N,4,0,1,2,A,-,11,21954,A,N,G,B,E,A,H,-,A,A,0,Y,,,,Y,,N,60,0,0,1,0,1,0,0,0,0,"- ","- ",,,"LOS ANGELES","LOS ANGELES",-118.3437796,34.009291699999999
6097154,2013,2014-02-08,1900,2013-03-21,0722,430275,1623,4,5,5,1977,0,0,0,,0,166T,"228TH ST","MAIN ST",7.00,W,N,B,-,N,,,,,,,,,,N,4,0,1,2,D,-,00,,,M,G,B,B,A,H,-,B,A,0,Y,,,,Y,,-,"- ",0,0,1,0,1,0,0,0,0,"- ","- ",,,"LOS ANGELES",CARSON,-118.2756552,33.818894800000002
6097215,2013,2014-03-10,1942,2013-06-08,2305,32818,1981,6,5,7,1942,0,0,0,,0,35T70,"SEPULVEDA BL","CHASE ST",291.00,S,N,A,-,N,,,,,,,,,,N,3,0,1,2,A,-,11,21954,A,N,G,B,D,A,H,-,C,A,0,Y,,,,Y,,N,60,0,1,0,0,1,0,0,0,0,"- ","- ",,,"LOS ANGELES","LOS ANGELES",-118.46771990000001,34.2238367
6097451,2013,2014-02-26,1956,2013-05-21,1729,1202,35,2,5,5,1956,0,0,0,,0,003,"ORMOND LN","HARPER AV",14.00,E,N,A,-,N,,,,,,,,,,Y,2,0,1,2,A,-,11,21954,A,N,G,B,E,A,H,-,A,D,0,Y,,,,Y,,N,60,1,0,0,0,1,0,0,0,0,"- ","- ",,,"LOS ANGELES","REDONDO BEACH",-118.3883422,33.868203899999997
6097481,2013,2014-02-28,1942,2013-05-16,1700,25098,1566,4,5,7,1942,0,0,0,O,0,15X64,"VINELAND AV","RIVERSIDE DR",3.00,N,N,A,-,N,,,,,,,,,,N,2,0,1,2,A,-,"- ",,,N,G,B,B,A,H,-,A,A,0,Y,,,,Y,,A,01,1,0,0,0,1,0,0,0,0,"- ","- ",,,"LOS ANGELES","LOS ANGELES",-118.3704324,34.152413099999997
6097493,2013,2014-02-27,1942,2013-05-20,2135,38687,1012,1,5,7,1942,0,0,0,J,0,35Q82,"RESEDA BL","SATICOY ST",70.00,N,N,A,-,N,,,,,,,,,,N,3,0,1,2,A,-,11,21954,A,N,G,B,D,A,H,-,C,D,0,Y,,,,Y,,N,60,0,1,0,0,1,0,0,0,0,"- ","- ",,,"LOS ANGELES","LOS ANGELES",-118.53607220000001,34.208576899999997
6097499,2013,2014-02-27,1942,2013-05-15,1720,39183,1078,3,5,7,1942,0,0,0,J,0,10X44,"VENTURA BL","BALBOA BL",30.00,E,N,A,-,N,,,,,,,,,,N,3,0,1,2,A,-,11,21954,A,N,G,B,D,A,H,-,A,A,0,Y,,,,Y,Y,N,60,0,1,0,0,1,0,0,0,0,"- ","- ",,,"LOS ANGELES","LOS ANGELES",-118.5010371,34.159232000000003
6097542,2013,2014-02-26,1942,2013-05-17,0750,35945,0762,5,5,7,1942,0,0,0,G,0,14TL49,"W 18TH ST","HI POINT ST",7.00,E,N,A,-,N,,,,,,,,,,N,4,0,1,2,A,-,03,22350,,F,G,B,D,A,H,-,A,A,0,Y,,,,Y,,-,99,0,0,1,0,1,0,0,0,0,"- ","- ",,,"LOS ANGELES","LOS ANGELES",-118.3712697,34.043480700000003
6097590,2013,2014-03-25,1942,2013-05-22,1255,38017,1031,3,5,7,1942,0,0,0,J,0,19TL72,"TAMPA AV","VICTORY BL",150.00,N,N,A,-,N,,,,,,,,,,N,4,0,1,2,A,-,11,21955,,N,B,B,D,A,H,-,A,D,0,Y,,,,Y,,N,60,0,0,1,0,1,0,0,0,0,"- ","- ",,,"LOS ANGELES","LOS ANGELES",-118.55351229999999,34.186996299999997
6097599,2013,2014-02-24,1942,2013-05-18,0420,40998,1909,6,5,7,1942,0,0,0,,0,19A1,"GAVINA AV","RAJAH ST",0.00,,Y,A,-,N,,,,,,,,,,N,4,0,1,2,B,-,22,,,M,G,B,D,A,H,-,B,A,0,Y,,,,Y,,-,"- ",0,0,1,0,1,0,0,0,0,"- ","- ",,,"LOS ANGELES","LOS ANGELES",-118.4084924,34.3229349
6098473,2013,2014-02-26,1969,2013-05-03,1920,10068,PATRO,5,5,5,1969,0,0,0,,0,001,"ILLINOIS AV","TRUBA AV",75.00,W,N,A,-,N,,,,,,,,,,N,3,0,1,2,A,-,11,21954,A,N,G,B,E,A,H,-,A,D,0,Y,,,,Y,,N,60,0,1,0,0,1,0,0,0,0,"- ","- ",,,"LOS ANGELES","SOUTH GATE",-118.2248668,33.951231999999997
6098922,2013,2014-02-13,1942,2013-04-06,0650,40008,1303,6,5,7,1942,0,0,0,M,0,13TL53,"SAN PEDRO",PICO,5.00,N,N,A,-,N,,,,,,,,,,N,3,0,2,3,A,-,10,21950,A,F,D,B,B,A,H,-,A,A,0,Y,,,,Y,,-,99,0,1,1,0,2,0,0,0,0,"- ","- ",,,"LOS ANGELES","LOS ANGELES",-118.25401359999999,34.032766600000002
6098923,2013,2014-02-13,1942,2013-04-08,1625,40099,1371,1,5,7,1942,0,0,0,M,0,13TL22,"58TH ST","MAIN ST",400.00,W,N,A,-,N,,,,,,,,,,N,3,0,1,2,A,-,11,21954,A,N,G,B,D,A,H,-,A,D,0,Y,,,,Y,,N,60,0,1,0,0,1,0,0,0,0,"- ","- ",,,"LOS ANGELES","LOS ANGELES",-118.2752569,33.989763000000004
6098930,2013,2014-02-13,1942,2013-04-25,1530,38476,1375,4,5,7,1942,0,0,0,M,0,13X62,"CENTRAL AV","55TH ST",0.00,,Y,A,-,N,,,,,,,,,,N,4,0,1,2,A,-,10,21950,A,N,G,B,B,A,G,-,A,A,0,Y,,,,Y,,A,01,0,0,1,0,1,0,0,0,0,"- ","- ",,,"LOS ANGELES","LOS ANGELES",-118.2564623,33.993004999999997
6098931,2013,2014-02-13,1942,2013-04-05,1130,40008,1341,5,5,7,1942,0,0,0,M,0,13TL53,"HOPE ST","37TH ST",280.00,N,N,A,-,N,,,,,,,,,,N,4,0,1,2,A,-,10,21950,A,F,D,B,C,A,H,-,A,A,0,Y,,,,Y,,-,99,0,0,1,0,1,0,0,0,0,"- ","- ",,,"LOS ANGELES","LOS ANGELES",-118.2789618,34.017744
6098949,2013,2014-02-12,1969,2013-04-27,1512,10116,PATRO,6,5,5,1969,0,0,0,,0,0A3,"SAN LUIS AV","FIRESTONE BL",0.00,,Y,A,-,N,,,,,,,,,,N,4,0,1,2,A,-,10,21950,A,M,G,B,B,-,H,-,A,A,0,Y,,,,Y,,-,"- ",0,0,1,0,1,0,0,0,0,"- ","- ",,,"LOS ANGELES","SOUTH GATE",-118.20031229999999,33.953625000000002
6099531,2013,2014-02-25,1942,2013-05-25,2315,36379,1821,6,5,7,1942,0,0,0,R,0,18T23,"CENTURY BL",VERMONT,170.00,E,N,A,-,N,,,,,,,,,,N,4,0,1,2,A,-,11,21956,A,N,A,B,D,A,H,-,C,D,0,Y,,,,Y,,N,60,0,0,1,0,1,0,0,0,0,"- ","- ",,,"LOS ANGELES","LOS ANGELES",-118.29139309999999,33.945484800000003
6099542,2013,2014-02-25,1900,2013-05-30,0955,449495,0454,4,5,6,1949,0,0,0,,0,45T1,"FIRESTONE BL","SILVERBOW AV",100.00,W,N,A,-,N,,,,,,,,,,Y,3,0,1,4,A,-,08,22107,,N,B,E,F,A,H,-,A,D,0,Y,,,,Y,,A,01,0,1,0,0,1,0,0,0,0,"- ","- ",,,"LOS ANGELES",NORWALK,-118.069158,33.906094099999997
6099562,2013,2014-04-14,1900,2013-05-13,2244,515184,0263,1,5,4,1917,0,0,0,,0,261E,"ATLANTIC AV","SANTA ANA ST",104.00,S,N,A,-,N,,,,,,,,,,N,3,0,1,2,A,-,11,21954,A,N,G,B,D,A,H,-,C,A,0,Y,,,,Y,,N,60,0,1,0,0,1,0,0,0,0,"- ","- ",,,"LOS ANGELES",CUDAHY,-118.1858192,33.960620400000003
6099646,2013,2014-02-27,1962,2013-05-29,2040,068,1962,3,5,4,1962,0,0,0,,0,025,"SAN GABRIEL BL","MISSION RD",6.00,N,N,A,-,N,,,,,,,,,,N,3,0,1,2,A,-,10,21950,A,N,G,B,B,A,H,-,C,A,0,Y,,,,Y,,A,01,0,1,0,0,1,0,0,0,0,"- ","- ",,,"LOS ANGELES","SAN GABRIEL",-118.0908822,34.091001300000002
6100067,2013,2014-02-13,1946,2013-03-27,0827,A2,,3,5,4,1946,0,0,0,,0,002,OLIVE,MONTEREY,93.00,E,N,A,-,N,,,,,,,,,,N,4,0,1,2,D,-,00,,,N,G,B,E,A,H,-,A,D,0,Y,,,,Y,Y,-,"- ",0,0,1,0,1,0,0,0,0,"- ","- ",,,"LOS ANGELES",MONROVIA,-118.01399549999999,34.144754900000002
6100116,2013,2014-02-28,1942,2013-05-23,1510,39971,0904,4,5,7,1942,0,0,0,I,0,17TL16,"SATICOY ST","KESTER AV",0.00,,Y,A,-,N,,,,,,,,,,N,3,0,1,2,D,-,00,,,N,G,B,B,A,H,-,A,A,0,Y,,,,Y,,-,"- ",0,1,0,0,1,0,0,0,0,"- ","- ",,,"LOS ANGELES","LOS ANGELES",-118.4574824,34.208435000000001
6100168,2013,2014-03-27,1942,2013-05-25,2040,38354,1781,6,5,7,1942,0,0,0,Q,0,21T65,"COMANCHE AV","ACRE ST",57.00,N,N,A,-,N,,,,,,,,,,N,3,0,1,3,C,-,18,,,N,G,B,E,A,H,-,C,D,0,Y,,,,Y,Y,-,"- ",0,1,0,0,1,0,0,0,0,"- ","- ",,,"LOS ANGELES","LOS ANGELES",-118.57218229999999,34.230081200000001
6100184,2013,2014-02-26,1942,2013-05-23,1715,35391,1777,4,5,7,1942,0,0,0,Q,0,35M71,"HAYVENHURST AV","NORDHOFF ST",7.00,S,N,A,-,N,,,,,,,,,,N,4,0,1,2,A,-,11,21456,B,N,G,B,B,A,H,-,A,A,0,Y,,,,Y,,N,60,0,0,1,0,1,0,0,0,0,"- ","- ",,,"LOS ANGELES","LOS ANGELES",-118.49381219999999,34.235665699999998
6100192,2013,2014-02-26,1942,2013-05-26,1020,32372,1657,7,5,7,1942,0,0,0,P,0,35M57,"TUJUNGA CANYON BL","APPERSON ST",198.00,S,N,A,-,N,,,,,,,,,,N,4,0,1,2,A,-,21,22106,,N,G,B,F,A,H,-,A,D,0,Y,,,,Y,,A,01,0,0,1,0,1,0,0,0,0,"- ","- ",,,"LOS ANGELES","LOS ANGELES",-118.2910523,34.255372399999999
6100200,2013,2015-01-16,1942,2013-05-26,2300,30983,1633,7,5,7,1942,0,0,0,P,0,9T57,"OSBORNE ST","DRONFIELD AV",386.00,W,N,A,-,N,,,,,,,,,,Y,1,1,0,2,A,-,11,21956,A,N,G,B,D,A,H,-,E,D,0,Y,,,,Y,,N,60,0,0,0,1,0,0,0,0,0,"- ","- ",,,"LOS ANGELES","LOS ANGELES",-118.3981156,34.270231500000001
6100212,2013,2014-02-26,1942,2013-05-23,2340,39021,1527,4,5,7,1942,0,0,0,O,0,15T43,"BONNER AV","OXNARD ST",13.00,N,N,A,-,N,,,,,,,,,,N,4,0,1,2,A,-,10,21950,A,N,G,B,B,A,H,-,C,D,0,Y,,,,Y,,A,01,0,0,1,0,1,0,0,0,0,"- ","- ",,,"LOS ANGELES","LOS ANGELES",-118.3741622,34.179460499999998
6100219,2013,2014-02-26,1942,2013-05-24,1840,40643,2118,5,5,7,1942,0,0,0,,0,19T74,"ROSCOE BL","OSO AV",0.00,,Y,A,-,N,,,,,,,,,,Y,2,0,4,3,A,-,09,21801,A,N,D,C,F,A,H,-,A,A,0,Y,,,,Y,Y,A,01,1,1,2,0,1,0,0,0,0,"- ","- ",,,"LOS ANGELES","LOS ANGELES",-118.5754323,34.220134899999998
6100220,2013,2014-02-26,1942,2013-05-26,2025,32372,1514,7,5,7,1942,0,0,0,O,0,35M57,"BEN AV","DEHOUGNE ST",0.00,,Y,A,-,N,,,,,,,,,,N,4,0,1,2,A,-,11,21954,A,N,G,B,E,A,H,-,C,A,0,Y,,,,Y,,N,60,0,0,1,0,1,0,0,0,0,"- ","- ",,,"LOS ANGELES","LOS ANGELES",-118.3943323,34.195835000000002
6100241,2013,2014-02-26,1942,2013-05-27,1115,40527,1981,1,5,7,1942,0,0,0,,0,16T23,"SEPULVEDA BL","ROSCOE BL",0.00,,Y,A,-,N,,,,,,,,,,N,4,0,1,2,A,-,11,21456,B,N,G,B,B,A,H,-,A,A,0,Y,,,,Y,,N,60,0,0,1,0,1,0,0,0,0,"- ","- ",,,"LOS ANGELES","LOS ANGELES",-118.4677423,34.221404900000003
6100255,2013,2014-02-27,1942,2013-05-25,1620,37080,1063,6,5,7,1942,0,0,0,J,0,15TL42,"MECCA AV","VENTURA BL",896.00,S,N,A,-,N,,,,,,,,,,N,4,0,1,3,A,-,08,22107,,F,B,E,E,A,H,-,A,D,0,Y,,,,Y,,A,07,0,0,1,0,1,0,0,0,0,"- ","- ",,,"LOS ANGELES","LOS ANGELES",-118.5375446,34.166937500000003
6100280,2013,2014-02-28,1942,2013-05-19,2230,36027,0835,7,5,7,1942,0,0,0,H,0,14TL47,"WESTWOOD BL","SANTA MONICA BL",363.00,N,N,A,-,N,,,,,,,,,,N,2,0,1,2,A,-,11,21954,A,N,G,B,D,A,H,-,C,D,0,Y,,,,Y,,N,60,1,0,0,0,1,0,0,0,0,"- ","- ",,,"LOS ANGELES","LOS ANGELES",-118.4377886,34.050660700000002
6100299,2013,2014-02-28,1942,2013-05-15,1650,39980,0762,3,5,7,1942,0,0,0,G,0,7A76,"LA CIENEGA BL","SATURN ST",0.00,,Y,A,-,N,,,,,,,,,,N,2,0,1,2,A,-,10,21950,A,N,G,B,B,A,H,-,A,A,0,Y,,,,Y,,A,01,1,0,0,0,1,0,0,0,0,"- ","- ",,,"LOS ANGELES","LOS ANGELES",-118.3762023,34.051524899999997
6100308,2013,2014-02-28,1942,2013-05-22,1315,35945,1444,3,5,7,1942,0,0,0,N,0,8TL35,"LINCOLN BL","MAXELLA AV",420.00,N,N,A,-,Y,LA,7,1,-,-,31.450,H,-,S,N,4,0,1,2,A,-,07,21658,A,N,G,B,E,A,H,-,A,D,0,Y,,,,Y,,A,01,0,0,1,0,1,0,0,0,0,"- ","- ",,,"LOS ANGELES","LOS ANGELES",-118.44431950000001,33.986573499999999
6100328,2013,2014-08-27,1942,2013-05-24,2110,34922,1555,5,5,7,1942,0,0,0,O,0,15A86,"LANKERSHIM BL","HORTENSE ST",0.00,,Y,A,-,N,,,,,,,,,,N,4,0,1,2,A,-,"- ",,,N,G,B,B,A,H,-,C,D,0,Y,,,,Y,,A,01,0,0,1,0,1,0,0,0,0,"- ","- ",,,"LOS ANGELES","LOS ANGELES",-118.3685223,34.154775000000001
6100624,2013,2014-12-10,1942,2013-05-17,2115,40545,0204,5,5,7,1942,0,0,0,B,0,13T53,"SUNSET BL","MALTMAN AV",5.00,E,N,A,-,N,,,,,,,,,,N,1,1,0,2,A,-,"- ",,,F,G,B,B,A,H,-,C,A,0,Y,,,,Y,,-,"- ",0,0,0,1,0,0,0,0,0,"- ","- ",,,"LOS ANGELES","LOS ANGELES",-118.276906,34.089722199999997
6100636,2013,2014-03-07,1942,2013-05-16,0015,38502,1177,4,5,7,1942,0,0,0,K,0,2T15,"AVENUE 28","FIGUEROA AV",100.00,W,N,A,-,N,,,,,,,,,,N,4,0,1,2,A,-,06,21750,,F,G,-,E,A,H,-,C,D,0,Y,,,,Y,,-,99,0,0,1,0,1,0,0,0,0,"- ","- ",,,"LOS ANGELES","LOS ANGELES",-118.221434,34.084989700000001
6101250,2013,2014-03-01,1920,2013-05-23,1835,12053,1920,4,5,6,1920,0,0,0,,0,002,"STEWART AND GRAY RD","RIVES AV",0.00,,Y,A,-,N,,,,,,,,,,N,4,0,1,2,A,-,10,21950,A,N,G,B,B,A,H,-,A,A,0,Y,,,,Y,,D,,0,0,1,0,1,0,0,0,0,"- ","- ",,,"LOS ANGELES",DOWNEY,-118.1481122,33.936984899999999
6101344,2013,2015-01-22,1962,2013-06-02,1034,109,1962,7,5,4,1962,0,0,0,,0,024,"WALNUT GROVE AV",BROADWAY,94.00,N,N,A,-,N,,,,,,,,,,N,3,0,1,2,A,-,08,22107,,F,B,B,F,A,H,-,A,D,0,Y,,,,Y,,-,99,0,1,0,0,1,0,0,0,0,"- ","- ",,,"LOS ANGELES","SAN GABRIEL",-118.08376749999999,34.099352600000003
6101348,2013,2014-02-27,1956,2013-06-05,1220,1192,03,3,5,5,1956,0,0,0,,0,001,"AVENUE E","RT 1",430.00,E,N,A,-,Y,,,,,,,,,,N,4,0,1,2,D,-,00,,,N,B,B,E,A,H,-,A,D,0,Y,,,,Y,,-,"- ",0,0,1,0,1,0,0,0,0,"- ","- ",,,"LOS ANGELES","REDONDO BEACH",-118.3841942,33.823373599999996
6101363,2013,2014-02-27,1942,2013-06-05,1405,33599,1259,3,5,7,1942,0,0,0,L,0,3TL57,"79TH ST","WADSWORTH AV",188.00,E,N,A,-,N,,,,,,,,,,N,4,0,1,2,A,-,11,21954,A,N,G,B,E,A,H,-,A,D,0,Y,,,,Y,,N,60,0,0,1,0,1,0,0,0,0,"- ","- ",,,"LOS ANGELES","LOS ANGELES",-118.2579834,33.967460500000001
6101366,2013,2014-02-27,1942,2013-06-10,2130,36659,1211,1,5,7,1942,0,0,0,L,0,5T21,"9TH AV","54TH ST",30.00,N,N,A,-,N,,,,,,,,,,N,4,0,2,3,A,-,11,21954,A,F,B,B,E,A,H,-,C,D,0,Y,,,,Y,,N,60,0,0,2,0,2,0,0,0,0,"- ","- ",,,"LOS ANGELES","LOS ANGELES",-118.3269617,33.993237100000002
6101383,2013,2014-02-27,1942,2013-06-07,2135,36461,1835,5,5,7,1942,0,0,0,R,0,5T21,"CENTRAL AV","105TH ST",84.00,N,N,A,-,N,,,,,,,,,,N,3,0,1,2,A,-,11,21954,A,N,A,B,D,A,H,-,C,D,0,Y,,,,Y,,N,60,0,1,0,0,1,0,0,0,0,"- ","- ",,,"LOS ANGELES","LOS ANGELES",-118.254217,33.941205199999999
6101385,2013,2014-02-27,1942,2013-06-07,0720,40440,1844,5,5,7,1942,0,0,0,R,0,5TL21,"AVALON BL","110TH ST",5.00,S,N,A,-,N,,,,,,,,,,Y,4,0,3,3,A,-,09,21801,A,N,D,C,F,A,H,-,A,D,0,Y,,,,Y,,A,01,0,0,3,0,1,0,0,0,0,"- ","- ",,,"LOS ANGELES","LOS ANGELES",-118.2651917,33.935651100000001
6101425,2013,2014-02-27,1920,2013-06-02,1754,11361,1920,7,5,6,1920,0,0,0,,0,003,"SUVA ST","BLUFF RD",200.00,W,N,A,-,N,,,,,,,,,,N,3,0,1,2,A,-,11,21954,A,N,G,B,D,A,H,-,A,D,0,Y,,,,Y,,N,,0,1,0,0,1,0,0,0,0,"- ","- ",,,"LOS ANGELES",DOWNEY,-118.13681680000001,33.965546699999997
6101826,2013,2015-01-14,1947,2013-05-09,1504,1363,,4,5,5,1947,0,0,0,,0,00B,"WHITTIER BL","GREENWOOD AV",0.00,,Y,A,-,N,,,,,,,,,,N,3,0,1,2,A,-,10,21950,A,N,D,B,B,A,H,-,A,D,0,Y,,,,Y,,-,"- ",0,1,0,0,1,0,0,0,0,"- ","- ",,,"LOS ANGELES",MONTEBELLO,-118.1118922,34.010824900000003
6101830,2013,2014-02-25,1947,2013-05-18,2153,1366,,6,5,5,1947,0,0,0,,0,00B,"MADISON AV","SPRUCE ST",100.00,E,N,A,-,N,,,,,,,,,,N,4,0,1,2,A,-,"- ",,,N,G,B,E,A,H,-,C,A,0,Y,,,,Y,,N,60,0,0,1,0,1,0,0,0,0,"- ","- ",,,"LOS ANGELES",MONTEBELLO,-118.1083428,34.0139481
6101910,2013,2014-03-04,1941,2013-06-08,1300,5375,,6,5,7,1941,0,0,0,,0,,"SHORELINE DR","AQUARIUM WY",0.00,,Y,B,-,N,,,,,,,,,,N,4,0,1,2,A,-,12,21453,A,N,G,B,B,A,H,-,A,A,0,Y,,,,Y,,A,,0,0,1,0,1,0,0,0,0,"- ","- ",,,"LOS ANGELES","LONG BEACH",-118.19460220000001,33.763694899999997
6102177,2013,2014-02-28,1942,2013-05-31,1450,40697,1821,5,5,7,1942,0,0,0,R,0,18T23,"94TH ST","HOOVER ST",505.00,E,N,A,-,N,,,,,,,,,,N,2,0,1,2,A,-,"- ",,,N,G,B,D,A,H,-,A,B,0,Y,,,,Y,,N,60,1,0,0,0,1,0,0,0,0,"- ","- ",,,"LOS ANGELES","LOS ANGELES",-118.2853003,33.951005899999998