CASE_ID,ACCIDENT_YEAR,PROC_DATE,JURIS,COLLISION_DATE,COLLISION_TIME,OFFICER_ID,REPORTING_DISTRICT,DAY_OF_WEEK,CHP_SHIFT,POPULATION,CNTY_CITY_LOC,SPECIAL_COND,BEAT_TYPE,CHP_BEAT_TYPE,CITY_DIVISION_LAPD,CHP_BEAT_CLASS,BEAT_NUMBER,PRIMARY_RD,SECONDARY_RD,DISTANCE,DIRECTION,INTERSECTION,WEATHER_1,WEATHER_2,STATE_HWY_IND,CALTRANS_COUNTY,CALTRANS_DISTRICT,STATE_ROUTE,ROUTE_SUFFIX,POSTMILE_PREFIX,POSTMILE,LOCATION_TYPE,RAMP_INTERSECTION,SIDE_OF_HWY,TOW_AWAY,COLLISION_SEVERITY,NUMBER_KILLED,NUMBER_INJURED,PARTY_COUNT,PRIMARY_COLL_FACTOR,PCF_CODE_OF_VIOL,PCF_VIOL_CATEGORY,PCF_VIOLATION,PCF_VIOL_SUBSECTION,HIT_AND_RUN,TYPE_OF_COLLISION,MVIW,PED_ACTION,ROAD_SURFACE,ROAD_COND_1,ROAD_COND_2,LIGHTING,CONTROL_DEVICE,CHP_ROAD_TYPE,PEDESTRIAN_ACCIDENT,BICYCLE_ACCIDENT,MOTORCYCLE_ACCIDENT,TRUCK_ACCIDENT,NOT_PRIVATE_PROPERTY,ALCOHOL_INVOLVED,STWD_VEHTYPE_AT_FAULT,CHP_VEHTYPE_AT_FAULT,COUNT_SEVERE_INJ,COUNT_VISIBLE_INJ,COUNT_COMPLAINT_PAIN,COUNT_PED_KILLED,COUNT_PED_INJURED,COUNT_BICYCLIST_KILLED,COUNT_BICYCLIST_INJURED,COUNT_MC_KILLED,COUNT_MC_INJURED,PRIMARY_RAMP,SECONDARY_RAMP,LATITUDE,LONGITUDE,COUNTY,CITY,POINT_X,POINT_Y
6134872,2013,2014-03-01,1900,2013-05-01,1435,515177,1366,3,5,5,1952,0,0,0,,0,136A,"ALONDRA BL","ORANGE AV",0.00,,Y,A,-,N,,,,,,,,,,N,4,0,1,2,A,-,10,21950,A,N,G,B,B,A,H,-,A,A,0,Y,,,,Y,,A,,0,0,1,0,1,0,0,0,0,"- ","- ",,,"LOS ANGELES",PARAMOUNT,-118.17750220000001,33.889154900000001
6134879,2013,2014-03-01,1900,2013-05-29,1525,463574,1326,3,5,5,1935,0,0,0,,0,132A,"DEL AMO BL","TURNERGROVE DR",60.00,W,N,A,-,N,,,,,,,,,,N,4,0,1,2,A,-,21,22106,,N,G,B,E,A,H,-,A,D,0,Y,,,,Y,,A,,0,0,1,0,1,0,0,0,0,"- ","- ",,,"LOS ANGELES",LAKEWOOD,-118.1090293,33.847136399999997
6134880,2013,2014-03-01,1900,2013-05-11,1545,407639,1335,6,5,5,1908,0,0,0,,0,1335,"CLARK AV","RAMONA ST",306.00,S,N,A,-,N,,,,,,,,,,N,2,0,1,2,A,-,11,21954,A,N,G,B,D,A,H,-,A,D,0,Y,,,,Y,,N,60,1,0,0,0,1,0,0,0,0,"- ","- ",,,"LOS ANGELES",BELLFLOWER,-118.13394220000001,33.872165699999996
6134975,2013,2014-03-05,1941,2013-06-27,1525,10062,,4,5,7,1941,0,0,0,,0,,"LOCUST AV","10TH ST",77.00,S,N,A,-,N,,,,,,,,,,N,3,0,1,2,A,-,11,21954,A,N,G,B,E,A,H,-,A,D,0,Y,,,,Y,,N,,0,1,0,0,1,0,0,0,0,"- ","- ",,,"LOS ANGELES","LONG BEACH",-118.19111220000001,33.778753700000003
6135048,2013,2014-03-05,9580,2013-06-18,1245,017228,,2,1,7,1942,0,1,3,,2,114,"RT 118","SEPULVEDA BL",150.00,W,N,A,-,Y,LA,7,118,-,R,10.040,H,-,E,Y,3,0,1,3,A,-,08,22107,,N,C,E,E,A,H,-,A,D,1,Y,,,,Y,,A,01,0,1,0,0,1,0,0,0,0,"- ","- ",34.265819999999998,-118.46841999999999,"LOS ANGELES","LOS ANGELES",-118.46562059999999,34.265818899999999
6135074,2013,2014-03-06,1942,2013-06-27,1900,34426,0281,4,5,7,1942,0,0,0,B,0,2TL28,"HOOVER ST","PICO BL",0.00,,Y,A,-,N,,,,,,,,,,N,4,0,1,2,A,-,10,21950,A,N,G,B,B,A,H,-,A,A,0,Y,,,,Y,,A,07,0,0,1,0,1,0,0,0,0,"- ","- ",,,"LOS ANGELES","LOS ANGELES",-118.28423220000001,34.047274899999998
6135110,2013,2014-03-05,1900,2013-06-08,1500,513101,1331,6,5,5,1908,0,0,0,,0,133T1,"RT 19","DALBERG ST",5.00,N,N,A,-,Y,LA,7,19,-,-,8.300,H,-,S,N,3,0,1,2,A,-,21,22106,,N,G,B,D,A,H,-,A,D,0,Y,,,,Y,,A,,0,1,0,0,1,0,0,0,0,"- ","- ",,,"LOS ANGELES",BELLFLOWER,-118.14294630000001,33.909496500000003
6135268,2013,2014-03-10,1941,2013-07-04,2228,6145,,4,5,7,1941,0,0,0,,0,,"ATLANTIC AV",MARKET,0.00,,Y,A,-,N,,,,,,,,,,N,3,0,1,2,A,-,11,21955,,N,G,B,D,A,H,-,C,A,0,Y,,,,Y,Y,N,,0,1,0,0,1,0,0,0,0,"- ","- ",,,"LOS ANGELES","LONG BEACH",-118.18503219999999,33.854334899999998
6135272,2013,2014-03-10,1941,2013-07-04,2059,10244,,4,5,7,1941,0,0,0,,0,,BROADWAY,"CHERRY AV",0.00,,Y,A,-,N,,,,,,,,,,N,3,0,1,3,A,-,09,21801,A,N,A,B,B,A,H,-,C,A,0,Y,,,,Y,,A,,0,1,0,0,1,0,0,0,0,"- ","- ",,,"LOS ANGELES","LONG BEACH",-118.1679022,33.767274899999997
6135581,2013,2014-03-20,1965,2013-07-12,1900,3477,3A1,5,5,5,1965,0,0,0,,0,003,"4TH ST","ARIZONA AV",0.00,,Y,A,-,N,,,,,,,,,,N,3,0,1,2,D,-,00,,,N,G,B,B,A,H,-,A,A,0,Y,,,,Y,,-,"- ",0,1,0,0,1,0,0,0,0,"- ","- ",,,"LOS ANGELES","SANTA MONICA",-118.4967523,34.0177549
6136174,2013,2014-03-07,1900,2013-06-30,0345,520084,0628,7,5,6,1985,0,0,0,,0,64T2,"AVENIDA DORENA","LYONS AV",10.00,S,N,A,-,N,,,,,,,,,,N,3,0,1,2,A,-,10,21950,A,M,G,B,B,A,H,-,C,D,0,Y,,,,Y,,A,01,0,1,0,0,1,0,0,0,0,"- ","- ",,,"LOS ANGELES","SANTA CLARITA",-118.5611584,34.378547599999997
6136245,2013,2014-03-05,1942,2013-06-25,2050,37511,734,2,5,7,1942,0,0,0,,0,7T23,FAIRFAX,BLACKBURN,10.00,S,N,A,-,N,,,,,,,,,,N,3,0,1,2,A,-,10,21952,,N,G,B,F,A,H,-,A,D,0,Y,,,,Y,,A,01,0,1,0,0,1,0,0,0,0,"- ","- ",,,"LOS ANGELES","LOS ANGELES",-118.3614422,34.070717399999999
6136278,2013,2014-03-05,1942,2013-06-26,0200,35945,0711,3,5,7,1942,0,0,0,G,0,14T47,"FAIRFAX AV","OAKWOOD AV",270.00,N,N,A,-,N,,,,,,,,,,N,2,0,1,2,A,-,11,21955,,N,G,B,D,A,H,-,C,D,0,Y,,,,Y,,N,60,1,0,0,0,1,0,0,0,0,"- ","- ",,,"LOS ANGELES","LOS ANGELES",-118.36145980000001,34.078935399999999
6136292,2013,2014-03-28,1941,2013-06-18,0658,10073,,2,5,7,1941,0,0,0,,0,,"MAGNOLIA AV","17TH ST",0.00,,Y,A,-,N,,,,,,,,,,Y,4,0,1,2,A,-,11,21954,A,N,G,B,-,A,H,-,A,D,0,Y,,,,Y,,N,,0,0,1,0,1,0,0,0,0,"- ","- ",,,"LOS ANGELES","LONG BEACH",-118.1981023,33.788044900000003
6136313,2013,2014-03-05,1942,2013-06-26,1900,37416,2029,3,5,7,1942,0,0,0,,0,7T23,"LA FAYETTE PARK PL","6TH ST",40.00,S,N,A,-,N,,,,,,,,,,N,4,0,1,2,A,-,11,21950,B,N,G,B,D,A,H,-,A,D,0,Y,,,,Y,,N,60,0,0,1,0,1,0,0,0,0,"- ","- ",,,"LOS ANGELES","LOS ANGELES",-118.282365,34.062736999999998
6136317,2013,2014-03-04,1942,2013-06-29,1110,38310,2027,6,5,7,1942,0,0,0,,0,7TL71,"6TH ST","ALEXANDRIA AV",13.00,E,N,A,-,N,,,,,,,,,,,4,0,1,2,A,-,21,22106,,F,G,B,B,A,H,-,A,A,0,Y,,,,Y,,-,99,0,0,1,0,1,0,0,0,0,"- ","- ",,,"LOS ANGELES","LOS ANGELES",-118.29790939999999,34.063575200000002
6136324,2013,2014-03-05,1942,2013-06-26,1805,40213,0665,3,5,7,1942,0,0,0,F,0,6X48,"SANTA MONICA",SYCAMORE,0.00,,Y,A,-,N,,,,,,,,,,N,3,0,1,2,A,-,11,21950,B,N,G,B,B,A,H,-,A,D,0,Y,,,,Y,,A,01,0,1,0,0,1,0,0,0,0,"- ","- ",,,"LOS ANGELES","LOS ANGELES",-118.3428122,34.090694900000003
6136336,2013,2014-03-05,1942,2013-06-28,1240,32565,2002,5,5,7,1942,0,0,0,,0,20TL55,"WESTERN AV","OAKWOOD AV",0.00,,Y,A,-,N,,,,,,,,,,N,4,0,1,2,A,-,11,21456,B,N,H,B,B,A,H,-,A,A,0,Y,,,,Y,,N,60,0,0,1,0,1,0,0,0,0,"- ","- ",,,"LOS ANGELES","LOS ANGELES",-118.3091623,34.077595000000002
6136381,2013,2014-03-10,1928,2013-07-01,1251,211,514,1,5,5,1928,0,0,0,,0,504,"INGLEWOOD AV","145TH ST",0.00,,Y,A,-,N,,,,,,,,,,N,4,0,1,2,A,-,11,21954,A,N,G,B,D,A,H,-,A,D,0,Y,,,,Y,,N,60,0,0,1,0,1,0,0,0,0,"- ","- ",,,"LOS ANGELES",HAWTHORNE,-118.36131229999999,33.899674900000001
6136510,2013,2014-03-12,1956,2013-07-05,1255,1192,68,5,5,5,1956,0,0,0,,0,002,"ARTESIA BL","KINGSDALE AV",288.00,E,N,A,-,N,,,,,,,,,,N,4,0,1,2,A,-,10,21952,,N,D,B,E,A,H,-,A,D,0,Y,,,,Y,,A,07,0,0,1,0,1,0,0,0,0,"- ","- ",,,"LOS ANGELES","REDONDO BEACH",-118.35604530000001,33.872903899999997
6136819,2013,2014-03-24,1942,2013-06-20,1100,41190,763,4,5,7,1942,0,0,0,,0,7A17,PICO,"OGDEN DR",0.00,,Y,A,-,N,,,,,,,,,,Y,3,0,3,5,A,-,09,21802,A,N,D,C,F,A,H,-,A,A,0,Y,,,,Y,,A,01,0,3,0,0,3,0,0,0,0,"- ","- ",,,"LOS ANGELES","LOS ANGELES",-118.36453229999999,34.051104899999999
6136820,2013,2014-03-05,1942,2013-06-21,1850,37966,733,5,5,7,1942,0,0,0,,0,7T33,"6TH ST","CURSON AV",5.00,W,N,A,-,N,,,,,,,,,,N,3,0,1,2,A,-,10,21950,A,N,G,B,B,A,H,-,A,D,0,Y,,,,Y,,A,01,0,1,0,0,0,0,0,0,0,"- ","- ",,,"LOS ANGELES","LOS ANGELES",-118.3558987,34.064864900000003
6136840,2013,2014-03-05,1942,2013-06-06,1550,34458,1309,4,5,7,1942,0,0,0,M,0,11T32,"E 22ND ST","ALAMEDA ST",5.00,W,N,A,-,N,,,,,,,,,,N,4,0,1,2,A,-,10,21950,A,N,G,B,B,A,A,-,A,A,0,Y,,,,Y,,A,01,0,0,1,0,1,0,0,0,0,"- ","- ",,,"LOS ANGELES","LOS ANGELES",-118.2396985,34.016426699999997
6137007,2013,2014-02-28,1942,2013-05-09,1925,30083,1181,4,5,7,1942,0,0,0,K,0,11T21,"ALVARADO ST","SUNSET BL",90.00,N,N,A,-,N,,,,,,,,,,N,4,0,1,2,A,-,21,22106,,N,G,B,F,B,H,-,C,D,0,Y,,,,Y,,A,01,0,0,1,0,1,0,0,0,0,"- ","- ",,,"LOS ANGELES","LOS ANGELES",-118.2633548,34.077833599999998
6137018,2013,2014-02-28,1942,2013-05-30,1350,37505,1333,4,5,7,1942,0,0,0,M,0,4TL41,"29TH ST","PALOMA ST",137.00,E,N,A,-,N,,,,,,,,,,N,4,0,1,2,A,-,09,21804,A,F,D,B,E,A,H,-,A,D,0,Y,,,,Y,,-,99,0,0,1,0,1,0,0,0,0,"- ","- ",,,"LOS ANGELES","LOS ANGELES",-118.2576751,34.016356500000001
6137131,2013,2014-02-15,1941,2013-04-24,2019,5226,,3,5,7,1941,0,0,0,,0,,"WASHINGTON PL","8TH ST",191.00,S,N,A,-,N,,,,,,,,,,N,4,0,1,2,-,-,"- ",,,F,D,-,D,A,H,-,C,D,0,Y,Y,,,Y,,-,"- ",0,0,1,0,0,0,1,0,0,"- ","- ",,,"LOS ANGELES","LONG BEACH",-118.18132540000001,33.7760313
6137380,2013,2014-03-20,1942,2013-07-04,1925,34458,1367,4,5,7,1942,0,0,0,M,0,1TL24,"LONG BEACH AV","48TH ST",13.00,S,N,A,-,N,,,,,,,,,,N,2,0,1,2,A,-,11,21456,B,N,G,B,D,A,H,-,A,A,0,Y,,,,Y,Y,N,60,1,0,0,0,1,0,0,0,0,"- ","- ",,,"LOS ANGELES","LOS ANGELES",-118.24349220000001,33.999319200000002
6137457,2013,2014-03-24,1942,2013-07-11,1620,40696,1821,4,5,7,1942,0,0,0,R,0,1620,"FIGUEROA ST","95TH ST",0.00,,Y,A,-,N,,,,,,,,,,N,3,0,1,2,A,-,11,21954,A,N,G,B,D,A,H,-,A,D,0,Y,,,,Y,,N,60,0,1,0,0,1,0,0,0,0,"- ","- ",,,"LOS ANGELES","LOS ANGELES",-118.2827023,33.9500849
6137534,2013,2014-03-07,1942,2013-06-10,1830,40999,0212,1,5,7,1942,0,0,0,B,0,2A56,BELLEVUE,SILVERLAKE,0.00,,Y,A,-,N,,,,,,,,,,N,4,0,1,2,A,-,08,22107,,F,G,B,F,A,H,-,A,A,0,Y,,,,Y,,-,99,0,0,1,0,1,0,0,0,0,"- ","- ",,,"LOS ANGELES","LOS ANGELES",-118.27913220000001,34.078324899999998
6137715,2013,2014-12-24,1942,2013-06-22,1300,37911,2038,6,5,7,1942,0,0,0,,0,20TL56,"VERMONT AV","7TH ST",8.00,S,N,A,-,N,,,,,,,,,,Y,4,0,2,3,A,-,09,21801,,N,E,B,F,A,H,-,A,A,0,Y,,,,Y,,A,01,0,0,2,0,1,0,0,0,0,"- ","- ",,,"LOS ANGELES","LOS ANGELES",-118.2916522,34.059762900000003
6137733,2013,2014-03-07,1942,2013-06-27,1700,41063,DEV,4,5,7,1942,0,0,0,,0,1764,"SHIRLEY AV",PRAIRIE,2.00,N,N,A,-,N,,,,,,,,,,N,3,0,1,2,A,-,12,21453,A,F,G,B,B,A,H,-,A,A,0,Y,,,,Y,,-,99,0,1,0,0,1,0,0,0,0,"- ","- ",,,"LOS ANGELES","LOS ANGELES",-118.5579424,34.2391103
6137738,2013,2014-03-07,1942,2013-06-24,2025,38817,826,1,5,7,1942,0,0,0,,0,8A1,"WESTGATE AV","CURRITUCK DR",32.00,S,N,A,-,N,,,,,,,,,,Y,2,0,2,2,A,-,03,22350,,N,E,I,F,A,H,-,C,A,0,Y,,,,Y,,A,01,1,1,0,0,1,0,0,0,0,"- ","- ",,,"LOS ANGELES","LOS ANGELES",-118.4716241,34.055717600000001
6137739,2013,2014-03-07,1942,2013-06-22,1255,R2138,832,6,5,7,1942,0,0,0,,0,34TF34,"SAN VICENTE BL","BARRINGTON AV",0.00,,Y,A,-,N,,,,,,,,,,N,4,0,1,2,A,-,"- ",,,N,G,B,B,A,H,-,A,A,0,Y,,,,Y,,A,01,0,0,1,0,1,0,0,0,0,"- ","- ",,,"LOS ANGELES","LOS ANGELES",-118.4657122,34.053694900000004
6137748,2013,2014-03-07,1942,2013-06-11,1415,24517,858,2,5,7,1942,0,0,0,,0,7TL38,"PICO BL","CREST DR",0.00,,Y,A,-,N,,,,,,,,,,N,4,0,2,3,A,-,06,21951,,N,G,B,B,A,H,-,A,A,0,Y,,,,Y,,A,01,0,0,2,0,2,0,0,0,0,"- ","- ",,,"LOS ANGELES","LOS ANGELES",-118.3878522,34.055264899999997
6137752,2013,2014-03-07,1942,2013-06-22,2210,37416,646,6,5,7,1942,0,0,0,,0,8T35,"HOLLYWOOD BL","VINE ST",62.00,E,N,A,-,N,,,,,,,,,,N,3,0,1,2,A,-,11,21954,A,N,H,B,D,A,H,-,C,A,0,Y,,,,Y,,N,60,0,1,0,0,1,0,0,0,0,"- ","- ",,,"LOS ANGELES","LOS ANGELES",-118.3264978,34.101616200000002
6137780,2013,2014-03-10,1942,2013-06-30,1730,R2138,861,7,5,7,1942,0,0,0,,0,34TF34,"RT 1","BAY CLUB DR",1110.00,N,N,A,-,Y,LA,7,1,-,-,38.950,H,-,S,N,4,0,1,2,A,-,21,22106,,F,G,B,E,A,H,-,A,D,0,Y,,,,Y,,-,99,0,0,1,0,1,0,0,0,0,"- ","- ",,,"LOS ANGELES","LOS ANGELES",-118.5492696,34.039448100000001
6137829,2013,2014-03-05,1942,2013-06-20,1830,39889,1162,4,5,7,1942,0,0,0,K,0,4TL6,"LEXINGTON AV","LYMAN PL",12.00,E,N,A,-,N,,,,,,,,,,N,4,0,1,2,A,-,11,21950,B,N,G,B,D,A,H,-,A,D,0,Y,,,,Y,,N,60,0,0,1,0,1,0,0,0,0,"- ","- ",,,"LOS ANGELES","LOS ANGELES",-118.2886726,34.093465299999998
6137992,2013,2014-03-10,1920,2013-06-29,2225,11992,,6,5,6,1920,0,0,0,,0,001,"BELLFLOWER BL","IMPERIAL HWY",0.00,,Y,A,-,N,,,,,,,,,,N,4,0,1,2,D,-,00,,,N,G,B,B,A,H,-,C,A,0,Y,,,,Y,,-,"- ",0,0,1,0,1,0,0,0,0,"- ","- ",,,"LOS ANGELES",DOWNEY,-118.1254122,33.917084899999999
6138638,2013,2014-03-24,1942,2013-07-02,1855,40059,1205,2,5,7,1942,0,0,0,L,0,5T21,"NORMANDIE AV","48TH PL",0.00,,Y,A,-,N,,,,,,,,,,N,3,0,1,2,A,-,11,21950,B,F,G,B,B,A,H,-,A,A,0,Y,,,,Y,,N,60,0,1,0,0,1,0,0,0,0,"- ","- ",,,"LOS ANGELES","LOS ANGELES",-118.3002123,34.000094900000001
6138650,2013,2014-03-12,1942,2013-07-02,1200,37737,1794,2,5,7,1942,0,0,0,Q,0,16TL25,"RESEDA BL","PARTHENIA ST",345.00,N,N,A,-,N,,,,,,,,,,Y,4,0,1,2,B,-,22,,,F,H,G,F,A,H,-,A,D,0,Y,Y,,,Y,,L,04,0,0,1,0,1,0,0,0,0,"- ","- ",,,"LOS ANGELES","LOS ANGELES",-118.5361123,34.229171200000003
6138655,2013,2014-03-12,1942,2013-07-01,2115,36027,1459,1,5,7,1942,0,0,0,N,0,14T47,"SEPULVEDA BL","LUCERNE AV",0.00,,Y,A,-,Y,,,,,,,,,,N,3,0,1,2,A,-,12,21457,A,N,G,B,B,A,H,-,C,A,0,Y,,,,Y,,A,07,0,1,0,0,1,0,0,0,0,"- ","- ",,,"LOS ANGELES","LOS ANGELES",-118.40245229999999,34.000354899999998
6138656,2013,2014-03-12,1942,2013-07-01,1520,40567,1503,1,5,7,1942,0,0,0,O,0,15T44,SATICOY,"LAUREL CANYON BL",0.00,,Y,A,-,N,,,,,,,,,,N,3,0,1,2,A,-,17,21451,A,N,A,B,B,A,H,-,A,A,0,Y,,,,Y,,A,01,0,1,0,0,1,0,0,0,0,"- ","- ",,,"LOS ANGELES","LOS ANGELES",-118.3965523,34.208475
6138666,2013,2014-03-12,1941,2013-07-07,1454,10068,,7,5,7,1941,0,0,0,,0,,"OCANA AV","STEARNS ST",0.00,,N,A,-,N,,,,,,,,,,N,3,0,1,2,A,-,"- ",,,N,G,B,E,A,H,-,A,D,0,Y,,,,Y,,N,,0,1,0,0,1,0,0,0,0,"- ","- ",,,"LOS ANGELES","LONG BEACH",-118.1205222,33.796124900000002
6138931,2013,2014-02-13,1942,2013-03-22,1825,36326,1391,5,5,7,1942,0,0,0,M,0,13X42,"GRAND AV","68TH ST",50.00,S,N,A,-,N,,,,,,,,,,N,3,0,1,2,A,-,01,23152,C,N,G,B,D,A,H,-,A,D,0,Y,,,,Y,Y,-,"- ",0,1,0,0,1,0,0,0,0,"- ","- ",,,"LOS ANGELES","LOS ANGELES",-118.2803522,33.978037700000002
6139129,2013,2014-03-07,1922,2013-06-17,2157,576,,1,5,6,1922,0,0,0,,0,,"DURFEE AV","MAGNOLIA ST",0.00,,Y,A,-,N,,,,,,,,,,N,2,0,1,2,A,-,10,21950,A,F,G,B,B,A,H,-,C,A,0,Y,,,,Y,,D,22,1,0,0,0,1,0,0,0,0,"- ","- ",,,"LOS ANGELES","EL MONTE",-118.01745219999999,34.055924900000001
6139613,2013,2014-03-13,1942,2013-07-05,2250,36379,0363,5,5,7,1942,0,0,0,C,0,3T5,"BUCKINGHAM RD","SANTA ROSALIA DR",10.00,N,N,A,-,N,,,,,,,,,,N,4,0,1,2,A,-,11,21956,A,N,H,B,E,A,H,-,D,D,0,Y,,,,Y,,N,60,0,0,1,0,1,0,0,0,0,"- ","- ",,,"LOS ANGELES","LOS ANGELES",-118.3423027,34.012131099999998
6139620,2013,2014-03-12,1942,2013-07-03,1400,36403,1801,3,5,7,1942,0,0,0,R,0,18XL4,"VERMONT AV","97TH ST",100.00,S,N,A,-,N,,,,,,,,,,N,3,0,2,2,A,-,03,22350,,N,G,B,D,A,H,-,A,D,0,Y,,,,Y,,-,99,0,2,0,0,1,0,0,0,0,"- ","- ",,,"LOS ANGELES","LOS ANGELES",-118.2916163,33.947560600000003
6139633,2013,2014-03-13,1942,2013-07-12,1035,40476,0377,5,5,7,1942,0,0,0,C,0,3TL5,BUDLONG,"MARTIN LUTHER KING BL",0.00,,Y,A,-,N,,,,,,,,,,N,4,0,1,2,A,-,10,21950,A,N,G,B,B,A,H,-,A,A,0,Y,,,,Y,,A,01,0,0,1,0,1,0,0,0,0,"- ","- ",,,"LOS ANGELES","LOS ANGELES",-118.2959322,34.010864900000001
6139640,2013,2014-03-13,1942,2013-07-07,1040,40697,0583,7,5,7,1942,0,0,0,E,0,18T23,"PATTON AV","25TH ST",0.00,,Y,A,-,N,,,,,,,,,,N,4,0,1,2,A,-,10,21950,A,N,G,B,B,A,H,-,A,A,0,Y,,,,Y,,A,07,0,0,1,0,1,0,0,0,0,"- ","- ",,,"LOS ANGELES","LOS ANGELES",-118.3056622,33.7215749
6139648,2013,2014-03-13,1942,2013-07-01,2100,41275,0567,1,5,7,1942,0,0,0,E,0,5A85,"19TH ST","PACIFIC AV",0.00,,Y,A,-,N,,,,,,,,,,N,3,0,1,2,A,-,10,21950,A,F,G,B,B,A,H,-,C,A,0,Y,,,,Y,Y,-,99,0,1,0,0,1,0,0,0,0,"- ","- ",,,"LOS ANGELES","LOS ANGELES",-118.4709622,33.986104900000001
6139657,2013,2014-03-12,1942,2013-07-08,1830,33599,0357,1,5,7,1942,0,0,0,C,0,3TL57,"NORMANDIE AV","JEFFERSON BL",0.00,,Y,A,-,N,,,,,,,,,,Y,4,0,3,4,A,-,12,21453,A,N,A,B,-,A,H,-,A,A,0,Y,,,,Y,,A,01,0,0,3,0,1,0,0,0,0,"- ","- ",,,"LOS ANGELES","LOS ANGELES",-118.30026220000001,34.025524900000001
6139660,2013,2014-03-13,1942,2013-07-12,1915,40013,0351,5,5,7,1942,0,0,0,C,0,12T41,"RODEO RD","FARMDALE AV",1201.00,W,N,A,-,N,,,,,,,,,,N,4,0,1,2,A,-,11,21954,A,N,G,B,D,A,H,-,A,D,0,Y,,,,Y,Y,N,60,0,0,1,0,1,0,0,0,0,"- ","- ",,,"LOS ANGELES","LOS ANGELES",-118.3498869,34.0213739
6139661,2013,2014-03-14,1942,2013-07-07,1630,40894,0395,7,5,7,1942,0,0,0,C,0,13A98,"WESTERN AV","41ST PL",50.00,S,N,A,-,N,,,,,,,,,,N,3,0,1,2,A,-,10,21950,A,N,G,B,D,A,H,-,A,D,0,Y,,,,Y,,N,60,0,1,0,0,1,0,0,0,0,"- ","- ",,,"LOS ANGELES","LOS ANGELES",-118.3089476,34.0083178
6139665,2013,2014-03-12,1942,2013-07-03,1540,40638,555,3,5,7,1942,0,0,0,,0,18T23,"GAFFEY ST","SANTA CRUZ AV",7.00,S,N,A,-,N,,,,,,,,,,N,3,0,1,2,C,-,18,,,N,D,B,F,A,H,-,A,D,0,Y,,,,Y,,-,"- ",0,1,0,0,1,0,0,0,0,"- ","- ",,,"LOS ANGELES","LOS ANGELES",-118.2924022,33.7446056
6139676,2013,2014-03-12,1942,2013-07-09,2228,38707,0308,2,5,7,1942,0,0,0,C,0,5T21,"23RD ST","PORTLAND AV",0.00,,Y,A,-,N,,,,,,,,,,N,3,0,1,2,A,-,10,21950,A,F,G,B,B,A,H,-,C,A,0,Y,,,,Y,,-,99,0,1,0,0,1,0,0,0,0,"- ","- ",,,"LOS ANGELES","LOS ANGELES",-118.2810123,34.033864999999999
6139680,2013,2014-03-13,1942,2013-07-09,2345,40724,0314,2,5,7,1942,0,0,0,C,0,18A97,"ADAMS BL","7TH AV",50.00,W,N,A,-,N,,,,,,,,,,N,3,0,1,3,A,-,11,21954,A,N,B,E,E,A,H,-,C,D,0,Y,,,,Y,,N,60,0,1,0,0,1,0,0,0,0,"- ","- ",,,"LOS ANGELES","LOS ANGELES",-118.3249869,34.032613499999997
6139682,2013,2014-03-19,1942,2013-07-08,1555,26699,2027,1,5,7,1942,0,0,0,,0,34MQ7,"NEW HAMPSHIRE AV","5TH ST",5.00,S,N,A,-,N,,,,,,,,,,N,3,0,1,2,A,-,10,21950,A,F,G,B,B,A,H,-,A,A,0,Y,,,,Y,,-,99,0,1,0,0,1,0,0,0,0,"- ","- ",,,"LOS ANGELES","LOS ANGELES",-118.2929421,34.065391099999999
6139705,2013,2014-03-19,1942,2013-07-03,2040,38897,0841,3,5,7,1942,0,0,0,H,0,8T35,"SANTA MONICA BL","AMHERST AV",32.00,E,N,A,-,Y,LA,7,2,-,-,2.531,I,5,W,Y,4,0,1,3,A,-,03,22350,,N,C,C,B,A,H,-,C,D,0,Y,,,,Y,,A,01,0,0,1,0,1,0,0,0,0,"- ","- ",,,"LOS ANGELES","LOS ANGELES",-118.4644322,34.040064899999997
6139709,2013,2014-03-20,1942,2013-07-04,2040,31387,0859,4,5,7,1942,0,0,0,H,0,8T35,"BEDFORD DR","18TH ST",0.00,,Y,A,-,N,,,,,,,,,,N,3,0,1,2,A,-,10,21950,A,N,G,B,B,A,H,-,C,D,0,Y,,,,Y,Y,A,01,0,1,0,0,1,0,0,0,0,"- ","- ",,,"LOS ANGELES","LOS ANGELES",-118.3820923,34.045504899999997
6139731,2013,2014-03-22,1900,2013-07-04,2015,514341,455,4,5,6,1949,0,0,0,,0,45T1,"STUDEBAKER RD","BARNWALL ST",130.00,N,N,A,-,N,,,,,,,,,,N,4,0,2,2,A,-,11,21954,A,N,G,B,E,A,H,-,C,D,0,Y,,,,Y,,N,60,0,0,2,0,1,0,0,0,0,"- ","- ",,,"LOS ANGELES",NORWALK,-118.1000341,33.8915413
6139733,2013,2014-03-20,1942,2013-07-03,1910,40926,14A99,3,5,7,1942,0,0,0,N,0,14A73,"HINDRY AV","IMPERIAL HWY",0.00,,Y,A,-,N,,,,,,,,,,N,3,0,1,2,D,-,00,,,N,G,B,B,A,H,-,A,D,0,Y,,,,Y,,-,"- ",0,1,0,0,1,0,0,0,0,"- ","- ",,,"LOS ANGELES","LOS ANGELES",-118.3723722,33.9309449
6139753,2013,2014-03-19,1942,2013-07-07,1915,35945,1415,7,5,7,1942,0,0,0,N,0,14T47,"LINCOLN BL","SUNSET AV",50.00,N,N,A,-,Y,LA,7,1,-,-,33.010,H,-,N,N,2,0,1,2,A,-,11,21954,A,N,G,B,D,A,H,-,B,A,0,Y,,,,Y,,N,60,1,0,0,0,1,0,0,0,0,"- ","- ",,,"LOS ANGELES","LOS ANGELES",-118.46540419999999,34.000200700000001