CASE_ID,ACCIDENT_YEAR,PROC_DATE,JURIS,COLLISION_DATE,COLLISION_TIME,OFFICER_ID,REPORTING_DISTRICT,DAY_OF_WEEK,CHP_SHIFT,POPULATION,CNTY_CITY_LOC,SPECIAL_COND,BEAT_TYPE,CHP_BEAT_TYPE,CITY_DIVISION_LAPD,CHP_BEAT_CLASS,BEAT_NUMBER,PRIMARY_RD,SECONDARY_RD,DISTANCE,DIRECTION,INTERSECTION,WEATHER_1,WEATHER_2,STATE_HWY_IND,CALTRANS_COUNTY,CALTRANS_DISTRICT,STATE_ROUTE,ROUTE_SUFFIX,POSTMILE_PREFIX,POSTMILE,LOCATION_TYPE,RAMP_INTERSECTION,SIDE_OF_HWY,TOW_AWAY,COLLISION_SEVERITY,NUMBER_KILLED,NUMBER_INJURED,PARTY_COUNT,PRIMARY_COLL_FACTOR,PCF_CODE_OF_VIOL,PCF_VIOL_CATEGORY,PCF_VIOLATION,PCF_VIOL_SUBSECTION,HIT_AND_RUN,TYPE_OF_COLLISION,MVIW,PED_ACTION,ROAD_SURFACE,ROAD_COND_1,ROAD_COND_2,LIGHTING,CONTROL_DEVICE,CHP_ROAD_TYPE,PEDESTRIAN_ACCIDENT,BICYCLE_ACCIDENT,MOTORCYCLE_ACCIDENT,TRUCK_ACCIDENT,NOT_PRIVATE_PROPERTY,ALCOHOL_INVOLVED,STWD_VEHTYPE_AT_FAULT,CHP_VEHTYPE_AT_FAULT,COUNT_SEVERE_INJ,COUNT_VISIBLE_INJ,COUNT_COMPLAINT_PAIN,COUNT_PED_KILLED,COUNT_PED_INJURED,COUNT_BICYCLIST_KILLED,COUNT_BICYCLIST_INJURED,COUNT_MC_KILLED,COUNT_MC_INJURED,PRIMARY_RAMP,SECONDARY_RAMP,LATITUDE,LONGITUDE,COUNTY,CITY,POINT_X,POINT_Y
6220633,2013,2014-04-11,1941,2013-09-24,1804,5048,,2,5,7,1941,0,0,0,,0,,"PACIFIC COAST HWY",GUNDRY,19.00,E,N,A,-,N,,,,,,,,,,Y,3,0,1,2,A,-,11,21954,A,N,G,B,D,A,H,-,A,D,0,Y,,,,Y,,A,,0,1,0,0,1,0,0,0,0,"- ","- ",,,"LOS ANGELES","LONG BEACH",-118.1741298,33.789895399999999
6220639,2013,2014-04-14,1920,2013-09-08,2020,12095,,7,5,6,1920,0,0,0,,0,,"LAKEWOOD BL","STEWART AND GRAY RD",3.00,E,N,A,-,N,,,,,,,,,,N,4,0,1,2,A,-,12,21453,A,N,G,B,B,A,H,-,C,A,0,Y,,,,Y,,A,07,0,0,1,0,1,0,0,0,0,"- ","- ",,,"LOS ANGELES",DOWNEY,-118.12954670000001,33.928131700000002
6220956,2013,2014-07-24,1909,2013-09-28,1233,567,1909,6,5,4,1909,0,0,0,,0,001,"LUBEC ST","COLMAR AV",0.00,,Y,A,-,N,,,,,,,,,,N,1,1,0,2,A,-,10,21950,A,N,G,B,B,A,H,-,A,A,0,Y,,,,Y,,-,"- ",0,0,0,1,0,0,0,0,0,"- ","- ",,,"LOS ANGELES","BELL GARDENS",-118.1575722,33.970855
6220970,2013,2014-04-18,1942,2013-09-06,0735,40476,0531,5,5,7,1942,0,0,0,E,0,56L21,"PACIFIC COAST HWY",PRESIDENT,0.00,,Y,A,-,Y,LA,7,1,-,-,12.912,I,5,S,Y,4,0,1,2,A,-,12,21453,A,N,G,B,B,A,H,-,A,A,0,Y,,,,Y,,-,99,0,0,1,0,1,0,0,0,0,"- ","- ",,,"LOS ANGELES","LOS ANGELES",-118.3043321,33.789444899999999
6220978,2013,2014-04-17,1942,2013-09-20,0745,37312,1972,5,5,7,1942,0,0,0,,0,19A61,"COLUMBUS AV","NORDHOFF ST",2.00,N,N,A,-,N,,,,,,,,,,N,4,0,1,2,A,-,12,22450,A,N,G,B,D,A,H,-,A,D,0,Y,,,,Y,,-,99,0,0,1,0,1,0,0,0,0,"- ","- ",,,"LOS ANGELES","LOS ANGELES",-118.46538,34.235509999999998
6220990,2013,2014-04-17,1942,2013-09-20,0745,40163,1025,5,5,7,1942,0,0,0,J,0,10TL35,"W SHERMAN WAY","HESPERIA AV",50.00,E,N,A,-,N,,,,,,,,,,N,4,0,2,3,A,-,11,21954,A,N,G,B,D,A,H,-,A,D,0,Y,,,,Y,,N,60,0,0,2,0,2,0,0,0,0,"- ","- ",,,"LOS ANGELES","LOS ANGELES",-118.5260672,34.2012049
6221017,2013,2014-04-12,1942,2013-09-16,1845,41255,415,1,5,7,1942,0,0,0,,0,,"DALY ST",BROADWAY,500.00,N,N,A,-,N,,,,,,,,,,N,3,0,1,2,A,-,11,21954,A,N,G,B,E,A,H,-,A,D,0,Y,,,,Y,,N,60,0,1,0,0,1,0,0,0,0,"- ","- ",,,"LOS ANGELES","LOS ANGELES",-118.2156952,34.075004999999997
6221022,2013,2014-04-12,1942,2013-09-15,1515,39889,1133,7,5,7,1942,0,0,0,K,0,4TL6,"FLETCHER DR","LARGA AV",15.00,E,N,A,-,N,,,,,,,,,,N,3,0,1,2,A,-,10,21950,A,N,G,B,B,A,H,-,A,A,0,Y,,,,Y,,A,07,0,1,0,0,1,0,0,0,0,"- ","- ",,,"LOS ANGELES","LOS ANGELES",-118.2513665,34.110433399999998
6221023,2013,2014-04-12,1942,2013-09-13,0700,37952,1151,5,5,7,1942,0,0,0,K,0,2TL15,"HOLLYWOOD BL","NEW HAMPSHIRE AV",7.00,E,N,A,-,N,,,,,,,,,,N,3,0,1,2,A,-,12,21453,A,N,G,B,B,A,H,-,A,A,0,Y,,,,Y,,A,01,0,1,0,0,1,0,0,0,0,"- ","- ",,,"LOS ANGELES","LOS ANGELES",-118.2932991,34.101784899999998
6221027,2013,2014-04-12,1942,2013-09-12,2110,39876,1163,4,5,7,1942,0,0,0,K,0,2T15,"VERMONT AV","LEXINGTON AV",0.00,,Y,A,-,N,,,,,,,,,,N,3,0,1,2,A,-,10,21950,A,F,G,B,B,A,H,-,C,A,0,Y,,,,Y,,-,99,0,1,0,0,1,0,0,0,0,"- ","- ",,,"LOS ANGELES","LOS ANGELES",-118.29177230000001,34.093434899999998
6221034,2013,2014-04-12,1942,2013-09-13,1600,34458,1303,5,5,7,1942,0,0,0,M,0,1TL24,"9TH ST","WALL ST",20.00,E,N,A,-,N,,,,,,,,,,N,3,0,1,2,C,-,18,,,N,G,B,E,A,H,-,A,D,0,Y,,,,Y,,-,"- ",0,1,0,0,1,0,0,0,0,"- ","- ",,,"LOS ANGELES","LOS ANGELES",-118.25185860000001,34.038693700000003
6221037,2013,2014-04-12,1942,2013-09-12,0820,32996,0279,4,5,7,1942,0,0,0,B,0,2TL25,"OLYMPIC BL","UNION AV",0.00,,Y,A,-,N,,,,,,,,,,Y,2,0,3,4,A,-,09,21801,A,N,D,B,F,A,H,-,A,A,0,Y,,,,Y,,A,01,1,1,1,0,2,0,0,0,0,"- ","- ",,,"LOS ANGELES","LOS ANGELES",-118.2741923,34.049174899999997
6221079,2013,2014-04-15,1948,2013-09-27,0921,446,1948,5,5,5,1948,0,0,0,,0,002,"BALTIMORE AV","HAMPTON AV",14.00,S,N,A,-,N,,,,,,,,,,N,3,0,1,2,A,-,10,21950,A,N,G,B,B,A,H,-,A,D,0,Y,,,,Y,,-,"- ",0,1,0,0,1,0,0,0,0,"- ","- ",,,"LOS ANGELES","MONTEREY PARK",-118.1245122,34.068566500000003
6221085,2013,2014-04-11,1948,2013-09-17,1229,356,1948,2,5,5,1948,0,0,0,,0,,"WEST GARVEY AV","RAMONA AV",9.00,E,N,A,-,N,,,,,,,,,,N,3,0,1,2,A,-,10,21950,A,N,G,B,B,A,H,-,A,A,0,Y,,,,Y,,-,"- ",0,1,0,0,1,0,0,0,0,"- ","- ",,,"LOS ANGELES","MONTEREY PARK",-118.1255225,34.062444900000003
6221272,2013,2014-04-03,9535,2013-08-30,2035,019725,,5,2,7,1942,0,1,1,,2,110,"RT 10","SOTO ST",480.00,W,N,A,-,Y,LA,7,10,S,-,18.990,H,-,E,N,2,0,1,2,C,-,18,,,N,G,B,E,A,H,-,C,D,0,Y,,,,Y,Y,-,"- ",1,0,0,0,1,0,0,0,0,"- ","- ",34.054470000000002,-118.20451,"LOS ANGELES","LOS ANGELES",-118.20485770000001,34.054452099999999
6221772,2013,2014-04-12,1955,2013-09-12,1946,41900,10,4,5,6,1955,0,0,0,,0,003,"ALVARADO ST","BRADFORD ST",0.00,,Y,A,-,N,,,,,,,,,,N,3,0,1,2,A,-,11,21954,A,F,G,B,D,A,H,-,C,A,0,Y,,,,Y,,N,60,0,1,0,0,1,0,0,0,0,"- ","- ",,,"LOS ANGELES",POMONA,-117.7500022,34.067734999999999
6221788,2013,2014-04-12,1955,2013-09-20,2210,40616,6,5,5,6,1955,0,0,0,,0,003,"HOLT AV","GIBBS ST",125.00,W,N,B,-,N,,,,,,,,,,N,3,0,1,2,A,-,11,21954,A,N,G,B,D,A,H,-,C,D,0,Y,,,,Y,Y,N,60,0,1,0,0,1,0,0,0,0,"- ","- ",,,"LOS ANGELES",POMONA,-117.74856370000001,34.0624574
6221840,2013,2014-04-12,1907,2013-09-20,1950,231,2,5,5,4,1907,0,0,0,,0,,"ALAMO AV","GAGE AV",0.00,,Y,A,-,N,,,,,,,,,,N,4,0,1,2,A,-,09,21802,A,N,D,B,B,A,H,-,C,A,0,Y,,,,Y,,-,"- ",0,0,1,0,1,0,0,0,0,"- ","- ",33.978940000000001,-118.18823,"LOS ANGELES",BELL,-118.17573230000001,33.976814900000001
6222204,2013,2014-11-05,1955,2013-09-19,1257,030354,15,4,5,6,1955,0,0,0,,0,003,"INDIAN HILL BL","KINGSLEY AV",0.00,,Y,A,-,N,,,,,,,,,,N,4,0,1,2,A,-,10,21950,A,N,G,B,B,A,H,-,A,A,0,Y,,,,Y,,A,01,0,0,1,0,1,0,0,0,0,"- ","- ",,,"LOS ANGELES",POMONA,-117.7193022,34.066964900000002
6222769,2013,2014-04-24,1941,2013-09-26,0741,6209,,4,5,7,1941,0,0,0,,0,,"WARDLOW RD","LONG BEACH BL",115.00,E,N,A,-,N,,,,,,,,,,N,4,0,1,2,D,-,00,,,N,G,B,F,A,H,-,A,D,0,Y,,,,Y,,-,"- ",0,0,1,0,1,0,0,0,0,"- ","- ",,,"LOS ANGELES","LONG BEACH",-118.1889554,33.818908399999998
6222773,2013,2014-04-24,1941,2013-09-26,0802,4046,20001,4,5,7,1941,0,0,0,,0,,CALIFORNIA,WARDLOW,0.00,,Y,A,-,N,,,,,,,,,,N,4,0,1,2,D,-,00,,,N,G,B,B,A,H,-,A,A,0,Y,,,,Y,Y,-,"- ",0,0,1,0,1,0,0,0,0,"- ","- ",,,"LOS ANGELES","LONG BEACH",-118.18068220000001,33.818894899999997
6222789,2013,2014-04-24,1941,2013-09-25,1943,5462,901T,3,5,7,1941,0,0,0,,0,,"ANAHEIM ST","REDONDO AV",0.00,,Y,A,-,N,,,,,,,,,,Y,4,0,1,3,A,-,12,21453,A,N,G,B,F,A,H,-,C,A,0,Y,,,,Y,,A,,0,0,1,0,1,0,0,0,0,"- ","- ",,,"LOS ANGELES","LONG BEACH",-118.1524422,33.782594899999999
6223224,2013,2014-04-11,1942,2013-09-24,0740,32565,1496,2,5,7,1942,0,0,0,N,0,8TL35,"98TH ST","AVION WY",10.00,E,N,A,-,N,,,,,,,,,,N,2,0,1,2,A,-,10,21950,A,N,G,B,B,A,H,-,A,A,0,Y,,,,Y,,D,22,1,0,0,0,1,0,0,0,0,"- ","- ",,,"LOS ANGELES","LOS ANGELES",-118.39011929999999,33.947354699999998
6223628,2013,2014-04-09,1942,2013-09-27,1335,34332,1782,5,5,7,1942,0,0,0,Q,0,17TL12,"SHIRLEY AV","BUSINESS CENTER DR",240.00,S,N,A,-,N,,,,,,,,,,N,2,0,1,2,B,-,22,,,N,G,B,-,A,H,-,A,D,0,Y,,,,Y,,-,"- ",1,0,0,0,1,0,0,0,0,"- ","- ",,,"LOS ANGELES","LOS ANGELES",-118.5579312,34.230719200000003
6223945,2013,2014-04-22,9535,2013-08-30,2034,019725,,5,2,7,1942,0,1,1,,2,110,"RT 10","SOTO ST",500.00,W,N,A,-,Y,LA,7,10,-,-,19.150,H,-,E,N,2,0,1,2,A,-,11,21954,A,N,G,B,E,A,H,-,C,D,0,Y,,,,Y,Y,N,60,1,0,0,0,1,0,0,0,0,"- ","- ",34.054470000000002,-118.20451,"LOS ANGELES","LOS ANGELES",-118.2015475,34.054748699999998
6224738,2013,2014-04-11,1942,2013-09-16,1125,40476,0375,1,5,7,1942,0,0,0,C,0,5TL21,"MARTIN LUTHER KING BL",WESTERN,80.00,E,N,A,-,N,,,,,,,,,,Y,4,0,1,3,A,-,07,21658,A,N,B,E,E,A,H,-,A,A,0,Y,,,,Y,,D,22,0,0,1,0,1,0,0,0,0,"- ","- ",,,"LOS ANGELES","LOS ANGELES",-118.3086687,34.010854799999997
6224762,2013,2014-04-11,1942,2013-09-10,1345,36101,0526,2,5,7,1942,0,0,0,E,0,5A11,"ANAHEIM ST","FRIES AV",0.00,,Y,A,-,N,,,,,,,,,,N,3,0,1,2,A,-,10,21950,A,N,G,B,B,A,H,-,A,A,0,Y,,,,Y,,D,22,0,1,0,0,1,0,0,0,0,"- ","- ",,,"LOS ANGELES","LOS ANGELES",-118.26507220000001,33.779824900000001
6224892,2013,2014-04-07,1900,2013-09-04,1400,488219,1192,3,5,6,1992,0,0,0,,0,112T1,"AVENUE L-8","32ND ST WEST",90.00,E,N,A,-,N,,,,,,,,,,N,3,0,1,2,A,-,11,21954,A,N,G,B,D,A,H,-,A,D,0,Y,,,,Y,,N,60,0,1,0,0,1,0,0,0,0,"- ","- ",,,"LOS ANGELES",LANCASTER,-118.1876536,34.6529849
6225013,2013,2014-04-09,1900,2013-09-18,0820,290645,1417,3,5,1,1932,0,0,0,,0,141T3,"AZUSA AV","SALAIS ST",0.00,,Y,B,-,N,,,,,,,,,,N,4,0,1,2,A,-,10,21950,A,N,G,B,B,A,H,-,A,A,0,Y,,,,Y,,A,01,0,0,1,0,1,0,0,0,0,"- ","- ",,,"LOS ANGELES",INDUSTRY,-117.9233622,34.012834900000001
6225319,2013,2014-12-26,1972,2013-07-05,1200,18059,,5,5,6,1972,0,0,0,,0,,"PACIFIC COAST HWY",CRENSHAW,160.00,E,N,A,-,Y,LA,7,1,-,-,14.600,H,-,S,Y,2,0,1,2,A,-,11,21955,,N,G,B,D,A,H,-,A,A,0,Y,,,,Y,Y,N,,1,0,0,0,1,0,0,0,0,"- ","- ",,,"LOS ANGELES",TORRANCE,-118.3327795,33.791752600000002
6225775,2013,2014-07-24,1942,2013-09-13,1650,34426,1362,5,5,7,1942,0,0,0,M,0,2TL28,"AVALON BL","51ST ST",0.00,,Y,A,-,N,,,,,,,,,,Y,1,1,0,2,A,-,11,21456,B,N,G,B,B,A,H,-,A,A,0,Y,,,,Y,,N,60,0,0,0,1,0,0,0,0,0,"- ","- ",,,"LOS ANGELES","LOS ANGELES",-118.2652322,33.996584900000002
6225788,2013,2014-04-10,1942,2013-09-22,1840,39889,1345,7,5,7,1942,0,0,0,M,0,4TL6,"42ND PL","CENTRAL AV",10.00,E,N,A,-,N,,,,,,,,,,N,4,0,1,2,A,-,10,21950,A,F,G,B,B,A,H,-,A,A,0,Y,,,,Y,,-,99,0,0,1,0,1,0,0,0,0,"- ","- ",,,"LOS ANGELES","LOS ANGELES",-118.2564793,34.0066548
6225797,2013,2014-04-05,1972,2013-08-28,1845,19939,,3,5,6,1972,0,0,0,,0,,"DEL AMO BL","DEL AMO BL 3722",0.00,,N,A,-,N,,,,,,,,,,N,2,0,1,2,B,-,22,,,F,-,B,F,A,H,-,B,D,0,Y,,,,Y,,A,,1,0,0,0,1,0,0,0,0,"- ","- ",,,"LOS ANGELES",TORRANCE,-118.352414,33.848590000000002
6225807,2013,2014-04-12,1942,2013-09-19,1400,33828,1393,4,5,7,1942,0,0,0,M,0,13C2W7,"S BROADWAY","GAGE AV",222.00,S,-,A,-,N,,,,,,,,,,N,3,0,1,2,A,-,21,22106,,N,G,B,D,A,-,-,A,D,0,Y,,,,Y,,-,"- ",0,1,0,0,1,0,0,0,0,"- ","- ",,,"LOS ANGELES","LOS ANGELES",-118.27833219999999,33.981776099999998
6225811,2013,2014-04-10,1942,2013-09-19,1840,37410,1341,4,5,7,1942,0,0,0,M,0,1342,"35TH ST","MAIN ST",5.00,W,N,A,-,N,,,,,,,,,,N,3,0,2,2,A,-,17,21200,,N,A,B,F,A,H,-,A,A,0,Y,Y,,,Y,,L,04,0,2,0,0,1,0,1,0,0,"- ","- ",,,"LOS ANGELES","LOS ANGELES",-118.2734566,34.017371500000003
6225815,2013,2014-04-09,1942,2013-09-23,0545,40325,1353,1,5,7,1942,0,0,0,M,0,13TL22,"CENTRAL AV","41ST PL",0.00,,Y,A,-,N,,,,,,,,,,N,3,0,1,2,A,-,10,21950,A,F,G,B,B,A,H,-,C,A,0,Y,,,,Y,,-,99,0,1,0,0,1,0,0,0,0,"- ","- ",,,"LOS ANGELES","LOS ANGELES",-118.2565323,34.008375000000001
6225821,2013,2014-03-29,1972,2013-08-24,2036,15555,,6,5,6,1972,0,0,0,,0,,"MADRONA AV","TORRANCE BL",7.00,N,N,A,-,N,,,,,,,,,,N,3,0,1,2,A,-,10,21950,A,N,G,B,B,A,H,-,C,A,0,Y,,,,Y,,A,,0,1,0,0,1,0,0,0,0,"- ","- ",,,"LOS ANGELES",TORRANCE,-118.345006,33.837553300000003
6225823,2013,2014-04-10,1942,2013-09-23,0750,39349,1345,1,5,7,1942,0,0,0,M,0,13TL53,"E 35TH ST","S NAOMI AV",0.00,,Y,A,-,N,,,,,,,,,,N,3,0,1,2,A,-,10,21950,A,N,D,B,B,A,H,-,A,D,0,Y,,,,Y,,A,01,0,1,0,0,1,0,0,0,0,"- ","- ",,,"LOS ANGELES","LOS ANGELES",-118.2541322,34.011964900000002
6225825,2013,2014-04-05,1972,2013-08-24,1930,20004,,6,5,6,1972,0,0,0,,0,,HAWTHORNE,VILLAGE,0.00,,Y,A,-,N,,,,,,,,,,N,3,0,1,2,A,-,10,21950,A,N,G,B,B,A,H,-,B,A,0,Y,,,,Y,,A,,0,1,0,0,1,0,0,0,0,"- ","- ",,,"LOS ANGELES",TORRANCE,-118.3533422,33.835104899999997
6226251,2013,2014-04-16,1942,2013-09-27,1050,36256,0847,5,5,7,1942,0,0,0,H,0,8A35,"PARNELL AV","PICO BL",110.00,N,N,A,-,N,,,,,,,,,,N,3,0,1,2,A,-,21,22106,,N,G,B,D,A,H,-,A,D,0,Y,,,,Y,,D,22,0,1,0,0,1,0,0,0,0,"- ","- ",,,"LOS ANGELES","LOS ANGELES",-118.4221795,34.043723200000002
6226294,2013,2014-04-15,1942,2013-10-06,1044,41190,,7,5,7,1942,0,0,0,,0,7A53,"6TH AV","WASHINGTON BL",200.00,N,N,A,-,N,,,,,,,,,,N,4,0,1,2,A,-,11,21954,A,N,G,B,D,A,H,-,A,D,0,Y,,,,Y,,N,60,0,0,1,0,1,0,0,0,0,"- ","- ",,,"LOS ANGELES","LOS ANGELES",-118.32365799999999,34.040473400000003
6226318,2013,2014-04-16,1942,2013-09-29,0210,38380,0648,7,5,7,1942,0,0,0,F,0,14T47,"CAHUENGA BL","HOLLYWOOD BL",10.00,S,N,A,-,N,,,,,,,,,,N,3,0,1,2,A,-,11,21456,B,N,G,B,B,A,H,-,C,A,0,Y,,,,Y,Y,N,60,0,1,0,0,1,0,0,0,0,"- ","- ",,,"LOS ANGELES","LOS ANGELES",-118.3295622,34.101557399999997
6226640,2013,2014-04-17,1942,2013-10-02,0540,39085,1622,3,5,7,1942,0,0,0,P,0,9T53,"SAN FERNANDO RD","DESMOND ST",0.00,,Y,A,-,N,,,,,,,,,,N,3,0,1,2,A,-,10,21950,A,N,G,B,B,A,H,-,C,A,0,Y,,,,Y,,D,22,0,1,0,0,1,0,0,0,0,"- ","- ",,,"LOS ANGELES","LOS ANGELES",-118.4309523,34.274454900000002
6226996,2013,2014-03-11,1924,2013-06-07,0845,111229,34,5,5,5,1924,0,0,0,,0,8M1,"REDONDO BEACH BL","NUANU DR",237.00,E,N,B,-,N,,,,,,,,,,N,3,0,1,3,A,-,03,22350,,N,E,I,F,A,H,-,A,D,0,Y,,,,Y,,A,01,0,1,0,0,1,0,0,0,0,"- ","- ",,,"LOS ANGELES",GARDENA,-118.3019542,33.890836999999998
6227161,2013,2014-04-09,1942,2013-09-27,1520,26347,1785,5,5,7,1942,0,0,0,Q,0,17X5,"RESEDA BL","PRAIRIE ST",0.00,,Y,A,-,N,,,,,,,,,,N,4,0,1,2,A,-,10,21950,A,N,A,B,B,A,H,-,A,A,0,Y,,,,Y,,A,08,0,0,1,0,1,0,0,0,0,"- ","- ",,,"LOS ANGELES","LOS ANGELES",-118.5361123,34.239125000000001
6227168,2013,2014-04-09,1942,2013-09-27,1150,39971,1525,5,5,7,1942,0,0,0,O,0,10TL37,"LANKERSHIM BL","HAMLIN ST",200.00,N,N,A,-,N,,,,,,,,,,N,4,0,1,2,C,-,18,,,N,G,-,-,A,H,-,A,D,0,Y,,,,Y,,-,"- ",0,0,1,0,1,0,0,0,0,"- ","- ",,,"LOS ANGELES","LOS ANGELES",-118.38779630000001,34.189062800000002
6227171,2013,2014-04-09,1942,2013-09-30,1320,39868,1001,1,5,7,1942,0,0,0,J,0,19TL28,"SATICOY ST","TAMPA AV",100.00,E,N,A,-,N,,,,,,,,,,N,3,0,1,2,A,-,11,21956,A,N,G,B,E,A,H,-,A,D,0,Y,,,,Y,,N,60,0,1,0,0,1,0,0,0,0,"- ","- ",,,"LOS ANGELES","LOS ANGELES",-118.5532321,34.208364899999999
6227239,2013,2014-04-09,1942,2013-09-23,0800,31255,0773,1,5,7,1942,0,0,0,G,0,14TL52,"HAUSER BL","GLENNIE LN",0.00,,Y,A,-,N,,,,,,,,,,N,3,0,1,2,A,-,10,21950,A,F,G,B,C,A,H,-,A,D,0,Y,,,,Y,,-,99,0,1,0,0,1,0,0,0,0,"- ","- ",,,"LOS ANGELES","LOS ANGELES",-118.3617723,34.035114999999998
6227244,2013,2014-04-09,1942,2013-09-25,0010,32896,1494,3,5,7,1942,0,0,0,N,0,14TL52,"IMPERIAL HWY","NASH ST",150.00,W,N,A,-,N,,,,,,,,,,N,4,0,1,2,B,-,22,,,N,G,B,F,A,H,-,D,D,0,Y,,,,Y,,-,"- ",0,0,1,0,1,0,0,0,0,"- ","- ",,,"LOS ANGELES","LOS ANGELES",-118.3879958,33.931108100000003
6227263,2013,2014-04-09,1942,2013-09-20,1720,40215,831,5,5,7,1942,0,0,0,,0,8A34,"GRETNA GREEN WY","MONTANA AV",0.00,,Y,A,-,N,,,,,,,,,,N,2,0,1,2,A,-,08,22107,,N,G,B,B,A,H,-,A,A,0,Y,,,,Y,,A,01,1,0,0,0,1,0,0,0,0,"- ","- ",,,"LOS ANGELES","LOS ANGELES",-118.4738023,34.049544900000001
6227290,2013,2014-04-10,1942,2013-09-21,1110,33191,0735,6,5,7,1942,0,0,0,G,0,14TL47,"HAUSER BL","FULLER AV",0.00,,Y,A,-,N,,,,,,,,,,N,3,0,1,2,A,-,10,21950,A,F,G,B,B,A,H,-,A,D,0,Y,,,,Y,,-,99,0,1,0,0,1,0,0,0,0,"- ","- ",,,"LOS ANGELES","LOS ANGELES",-118.3506022,34.068764899999998
6227293,2013,2014-04-10,1942,2013-09-29,1720,33294,1691,7,5,7,1942,0,0,0,P,0,35M81,"SAINT CLAIR AV","CANTARA ST",345.00,S,N,A,-,N,,,,,,,,,,N,3,0,1,2,A,-,21,22106,,F,G,B,E,A,H,-,A,A,0,Y,,,,Y,,-,99,0,1,0,0,1,0,0,0,0,"- ","- ",,,"LOS ANGELES","LOS ANGELES",-118.39983479999999,34.218388599999997
6227821,2013,2014-04-10,1942,2013-09-24,1840,32319,1793,2,5,7,1942,0,0,0,Q,0,35M84,"BRYANT ST",BECKFORD,126.00,W,N,A,-,N,,,,,,,,,,N,3,0,1,2,A,-,11,21954,A,N,G,B,D,A,H,-,A,D,0,Y,,,,Y,,N,60,0,1,0,0,1,0,0,0,0,"- ","- ",,,"LOS ANGELES","LOS ANGELES",-118.5517984,34.227232899999997
6227822,2013,2014-04-10,1942,2013-09-26,0700,39217,1762,4,5,7,1942,0,0,0,Q,0,21TL65,"LASSEN ST","WINNETKA AV",14.00,E,N,A,-,N,,,,,,,,,,N,3,0,1,2,A,-,10,21950,A,N,G,B,B,A,H,-,A,A,0,Y,,,,Y,,A,07,0,1,0,0,1,0,0,0,0,"- ","- ",,,"LOS ANGELES","LOS ANGELES",-118.571186,34.249975200000002
6227836,2013,2014-04-08,1942,2013-09-30,0730,38017,1752,1,5,7,1942,0,0,0,Q,0,19TL73,"LURLINE ST","TUBA AV",0.00,,Y,A,-,N,,,,,,,,,,N,4,0,1,2,A,-,11,21956,A,F,D,B,E,A,H,-,A,D,0,Y,,,,Y,,N,60,0,0,1,0,1,0,0,0,0,"- ","- ",,,"LOS ANGELES","LOS ANGELES",-118.5842123,34.256304900000003
6227857,2013,2014-04-11,1902,2013-09-30,0730,699,30,1,5,5,1902,0,0,0,,0,004,"CAMINO REAL AV","EL MONTE AV",0.00,,Y,A,-,N,,,,,,,,,,N,2,0,1,2,A,-,10,21950,A,F,G,B,B,A,H,-,A,A,0,Y,,,,Y,,A,01,1,0,0,0,1,0,0,0,0,"- ","- ",,,"LOS ANGELES",ARCADIA,-118.03858219999999,34.1217349
6227887,2013,2014-04-08,1942,2013-09-23,0830,36083,667,1,5,7,1942,0,0,0,,0,7TL23,"SUNSET BL","GOWER ST",0.00,,Y,A,-,N,,,,,,,,,,N,3,0,1,2,A,-,10,21950,A,N,G,B,B,A,H,-,A,D,0,Y,,,,Y,,A,01,0,1,0,0,1,0,0,0,0,"- ","- ",,,"LOS ANGELES","LOS ANGELES",-118.32233220000001,34.098014900000003
6227892,2013,2014-04-08,1942,2013-09-01,1115,41282,648,7,5,7,1942,0,0,0,,0,6A49,"HOLLYWOOD BL","WILTON PL",9.00,E,N,A,-,N,,,,,,,,,,N,3,0,1,2,A,-,11,21456,B,N,G,B,B,A,-,-,A,A,0,Y,,,,Y,,A,01,0,1,0,0,1,0,0,0,0,"- ","- ",,,"LOS ANGELES","LOS ANGELES",-118.31362249999999,34.101705099999997
6227893,2013,2014-04-08,1942,2013-09-08,1120,41269,644,7,5,7,1942,0,0,0,,0,6A45,"FOUNTAIN AV","ALTA VISTA BL",15.00,E,N,A,-,N,,,,,,,,,,N,3,0,1,2,A,-,11,21955,,N,G,B,D,A,H,-,A,A,0,Y,,,,Y,,N,60,0,1,0,0,1,0,0,0,0,"- ","- ",,,"LOS ANGELES","LOS ANGELES",-118.3471328,34.0943538
6227951,2013,2014-04-07,1938,2013-09-09,1816,733,217,1,5,4,1938,0,0,0,,0,003,"FOOTHILL BL","BRADFORD ST",9.00,W,N,A,-,Y,LA,7,66,-,-,2.141,I,5,W,N,4,0,1,3,A,-,03,22350,,N,C,B,D,A,H,-,A,D,0,Y,,,,Y,Y,A,01,0,0,1,0,1,0,0,0,0,"- ","- ",,,"LOS ANGELES","LA VERNE",-117.7550188,34.110037900000002
6228002,2013,2014-12-23,1972,2013-09-22,0809,19767,,7,5,6,1972,0,0,0,,0,,HAWTHORNE,"PACIFIC COAST HWY",10.00,N,N,A,-,N,,,,,,,,,,N,4,0,1,2,A,-,10,21950,A,N,G,B,B,A,H,-,A,A,0,Y,,,,Y,,N,,0,0,1,0,1,0,0,0,0,"- ","- ",,,"LOS ANGELES",TORRANCE,-118.3512022,33.805042299999997