CASE_ID,ACCIDENT_YEAR,PROC_DATE,JURIS,COLLISION_DATE,COLLISION_TIME,OFFICER_ID,REPORTING_DISTRICT,DAY_OF_WEEK,CHP_SHIFT,POPULATION,CNTY_CITY_LOC,SPECIAL_COND,BEAT_TYPE,CHP_BEAT_TYPE,CITY_DIVISION_LAPD,CHP_BEAT_CLASS,BEAT_NUMBER,PRIMARY_RD,SECONDARY_RD,DISTANCE,DIRECTION,INTERSECTION,WEATHER_1,WEATHER_2,STATE_HWY_IND,CALTRANS_COUNTY,CALTRANS_DISTRICT,STATE_ROUTE,ROUTE_SUFFIX,POSTMILE_PREFIX,POSTMILE,LOCATION_TYPE,RAMP_INTERSECTION,SIDE_OF_HWY,TOW_AWAY,COLLISION_SEVERITY,NUMBER_KILLED,NUMBER_INJURED,PARTY_COUNT,PRIMARY_COLL_FACTOR,PCF_CODE_OF_VIOL,PCF_VIOL_CATEGORY,PCF_VIOLATION,PCF_VIOL_SUBSECTION,HIT_AND_RUN,TYPE_OF_COLLISION,MVIW,PED_ACTION,ROAD_SURFACE,ROAD_COND_1,ROAD_COND_2,LIGHTING,CONTROL_DEVICE,CHP_ROAD_TYPE,PEDESTRIAN_ACCIDENT,BICYCLE_ACCIDENT,MOTORCYCLE_ACCIDENT,TRUCK_ACCIDENT,NOT_PRIVATE_PROPERTY,ALCOHOL_INVOLVED,STWD_VEHTYPE_AT_FAULT,CHP_VEHTYPE_AT_FAULT,COUNT_SEVERE_INJ,COUNT_VISIBLE_INJ,COUNT_COMPLAINT_PAIN,COUNT_PED_KILLED,COUNT_PED_INJURED,COUNT_BICYCLIST_KILLED,COUNT_BICYCLIST_INJURED,COUNT_MC_KILLED,COUNT_MC_INJURED,PRIMARY_RAMP,SECONDARY_RAMP,LATITUDE,LONGITUDE,COUNTY,CITY,POINT_X,POINT_Y
6333932,2013,2014-05-19,1942,2013-12-30,1500,36753,1218,1,5,7,1942,0,0,0,L,0,12T73,"53RD ST","VERMONT AV",50.00,E,N,A,-,N,,,,,,,,,,N,3,0,1,3,A,-,03,22350,,N,B,E,E,A,H,-,A,D,0,Y,,,,Y,,A,01,0,1,0,0,1,0,0,0,0,"- ","- ",,,"LOS ANGELES","LOS ANGELES",-118.29134759999999,33.994118
6333945,2013,2014-02-03,9565,2013-04-27,1315,17060,,6,1,9,1900,0,3,5,,2,002,"93RD ST","VERMONT AV",85.00,W,N,A,-,N,,,,,,,,,,N,3,0,1,2,A,-,11,21954,A,N,G,B,D,A,H,-,A,D,0,Y,,,,Y,,N,60,0,1,0,0,1,0,0,0,0,"- ","- ",33.952159999999999,-118.29302,"LOS ANGELES",UNINCORPORATED,-118.2922319,33.9521601
6333949,2013,2014-04-03,9565,2013-04-27,1530,19556,,6,2,9,1900,0,3,5,,2,004,"106TH ST","HAWTHORNE BL",100.00,E,N,A,-,N,,,,,,,,,,N,3,0,1,2,A,-,11,21950,B,N,G,B,D,A,H,-,A,D,0,Y,,,,Y,,N,60,0,1,0,0,1,0,0,0,0,"- ","- ",33.939950000000003,-118.35149,"LOS ANGELES",UNINCORPORATED,-118.3524431,33.940004799999997
6333962,2013,2014-02-03,9565,2013-04-25,1640,019696,,4,2,9,1900,0,2,4,,1,054,"ADMIRALTY WY","MARINA CITY DR",300.00,E,N,A,-,N,,,,,,,,,,Y,2,0,1,2,A,-,11,21954,A,N,G,B,D,A,H,-,A,D,0,Y,,,,Y,,N,60,1,0,0,0,1,0,0,0,0,"- ","- ",33.985259999999997,-118.45395000000001,"LOS ANGELES",UNINCORPORATED,-118.45437819999999,33.985252600000003
6333994,2013,2014-02-03,9565,2013-04-29,1415,20511,,1,2,9,1900,0,3,5,,2,002,"94TH ST","BUDLONG AV",300.00,E,N,A,-,N,,,,,,,,,,N,4,0,1,2,A,-,11,21954,A,M,G,B,D,A,H,-,A,D,0,Y,,,,Y,,N,60,0,0,1,0,1,0,0,0,0,"- ","- ",33.57056,-118.17661,"LOS ANGELES",UNINCORPORATED,-118.2949649,33.950947499999998
6335178,2013,2014-05-19,1942,2013-12-12,1552,804,,4,5,7,1942,0,0,0,,0,2M7,"FARRAGUT DR","COOMBS AV",0.00,,Y,A,-,N,,,,,,,,,,N,4,0,1,2,A,-,10,21950,A,N,G,B,B,A,H,-,-,A,0,Y,,,,Y,,H,13,0,0,1,0,1,0,0,0,0,"- ","- ",34.008029999999998,-118.39984,"LOS ANGELES","LOS ANGELES",-118.39970219999999,34.0083348
6335883,2013,2014-05-15,1947,2013-12-05,0522,1368,,4,5,5,1947,0,0,0,,0,003,"GREENWOOD AV","ELM ST",311.00,N,N,A,-,N,,,,,,,,,,N,4,0,1,2,A,-,11,21954,A,N,D,B,D,A,H,-,C,A,0,Y,,,,Y,,N,60,0,0,1,0,1,0,0,0,0,"- ","- ",,,"LOS ANGELES",MONTEBELLO,-118.1237527,33.987661099999997
6335887,2013,2014-05-15,1947,2013-12-24,1743,1368,,2,5,5,1947,0,0,0,,0,02D,"MINES AV","MONTEBELLO BL",90.00,E,N,A,-,N,,,,,,,,,,N,3,0,1,2,A,-,11,21954,A,N,D,B,D,A,H,-,B,A,0,Y,,,,Y,,N,60,0,1,0,0,1,0,0,0,0,"- ","- ",,,"LOS ANGELES",MONTEBELLO,-118.1109155,34.001917499999998
6335998,2013,2014-05-13,1900,2013-12-16,1625,540241,2608,1,5,6,1950,0,0,0,,0,263T1,"25TH ST EAST","AVENUE S",528.00,N,N,A,-,N,,,,,,,,,,N,4,0,1,2,A,-,11,21954,A,N,G,B,D,A,H,-,A,D,0,Y,,,,Y,,N,60,0,0,1,0,1,0,0,0,0,"- ","- ",,,"LOS ANGELES",PALMDALE,-118.08489400000001,34.559553999999999
6336104,2013,2014-05-01,9535,2013-10-29,0750,17789,,2,1,9,1900,0,3,5,,2,001,"BLANCHARD ST","DITMAN AV",57.00,W,N,A,-,N,,,,,,,,,,N,3,0,1,2,A,-,11,21950,B,N,G,B,D,A,H,-,A,D,0,Y,,,,Y,,N,60,0,1,0,0,1,0,0,0,0,"- ","- ",34.247100000000003,-118.1127,"LOS ANGELES",UNINCORPORATED,-118.1898099,34.046063199999999
6336105,2013,2014-05-23,9535,2013-11-19,1110,17680,,2,1,9,1900,0,2,4,,2,016,"ATLANTIC BL","POMONA BL",145.00,S,N,A,-,N,,,,,,,,,,Y,4,0,1,3,C,-,18,,,N,E,J,F,A,H,-,A,D,0,Y,,,,Y,,-,"- ",0,0,1,0,1,0,0,0,0,"- ","- ",34.03266,-118.15345000000001,"LOS ANGELES",UNINCORPORATED,-118.1529922,34.033048999999998
6336113,2013,2014-05-22,1900,2013-11-12,2130,512427,1335,2,5,5,1908,0,0,0,,0,133T1,ARTESIA,"DOWNEY AV",100.00,E,N,A,-,N,,,,,,,,,,N,4,0,1,3,A,-,03,22350,,N,G,B,E,A,H,-,C,A,0,Y,,,,Y,,A,,0,0,1,0,1,0,0,0,0,"- ","- ",,,"LOS ANGELES",BELLFLOWER,-118.1509834,33.874803900000003
6336119,2013,2014-05-01,1900,2013-10-18,1644,551355,1368,5,5,5,1952,0,0,0,,0,136D,"ALONDRA BL","INDIANA AV",0.00,,Y,A,-,N,,,,,,,,,,N,4,0,1,2,A,-,"- ",,,N,G,B,D,A,H,-,A,D,0,Y,,,,Y,,-,,0,0,1,0,1,0,0,0,0,"- ","- ",,,"LOS ANGELES",PARAMOUNT,-118.15348229999999,33.889244900000001
6336129,2013,2014-05-23,9535,2013-11-06,1715,12125,,3,2,9,1900,0,2,4,,2,024,"WHITTIER BL","ATLANTIC BL",24.00,E,N,A,-,N,,,,,,,,,,N,2,0,2,3,A,-,08,22107,,F,E,I,F,A,H,-,B,A,0,Y,,,,Y,,A,07,2,0,0,0,2,0,0,0,0,"- ","- ",34.020380000000003,-118.15731,"LOS ANGELES",UNINCORPORATED,-118.1572252,34.0203998
6336133,2013,2014-05-23,9535,2013-11-13,1915,19548,,3,2,9,1900,0,2,4,,2,024,"WHITTIER BL","RECORD AV",15.00,E,N,A,-,N,,,,,,,,,,N,3,0,2,3,A,-,10,21950,A,N,G,B,C,A,H,-,C,D,0,Y,,,,Y,,A,01,0,2,0,0,2,0,0,0,0,"- ","- ",34.023899999999998,-118.1825,"LOS ANGELES",UNINCORPORATED,-118.18263279999999,34.023925599999998
6336197,2013,2014-05-20,9590,2013-12-14,0305,20122,,6,3,7,1942,0,1,1,,2,053,"RT 110","6TH ST",26.00,N,N,A,-,Y,LA,7,110,-,-,22.844,R,1,S,Y,3,0,2,6,A,-,03,22350,,N,E,I,E,A,H,-,C,D,1,Y,,,,Y,,A,01,0,1,1,0,1,0,0,0,0,"- ","- ",34.037050000000001,-118.27368,"LOS ANGELES","LOS ANGELES",-118.26076209999999,34.051554899999999
6336227,2013,2014-06-02,1947,2013-12-14,2336,1392,,6,5,5,1947,0,0,0,,0,04D,"MONTEBELLO BL","WHITTIER BL",3.00,S,N,A,-,N,,,,,,,,,,N,4,0,1,2,A,-,10,21950,A,N,G,B,B,A,H,-,C,A,0,Y,,,,Y,,A,01,0,0,1,0,1,0,0,0,0,"- ","- ",,,"LOS ANGELES",MONTEBELLO,-118.10828429999999,34.010026799999999
6336776,2013,2014-05-17,1900,2013-12-28,1950,524464,2619,6,5,6,1950,0,0,0,,0,262T1,"SIERRA HWY","SIERRA CT",981.00,S,N,A,-,N,,,,,,,,,,Y,4,0,2,5,A,-,08,22107,,N,B,C,E,A,H,-,C,D,0,Y,,,,Y,,A,07,0,0,2,0,2,0,0,0,0,"- ","- ",,,"LOS ANGELES",PALMDALE,-118.1243104,34.620857800000003
6336879,2013,2014-02-11,9565,2013-04-17,1420,020501,,3,2,5,1928,0,1,1,,2,012,"RT 105","HAWTHORNE BL",25.00,E,N,A,-,Y,LA,7,105,-,R,3.559,R,1,W,N,3,0,1,2,A,-,11,21954,A,N,G,B,D,A,H,-,A,A,1,Y,,,,Y,,N,60,0,1,0,0,1,0,0,0,0,TO,"- ",33.934080000000002,-118.3522,"LOS ANGELES",HAWTHORNE,-118.3448092,33.930778400000001
6336907,2013,2014-02-03,9565,2013-03-22,2040,19355,,5,2,9,1900,0,2,4,,2,022,"NORMANDIE AV","96TH ST",0.00,,Y,A,-,N,,,,,,,,,,N,2,0,1,2,A,-,11,21950,B,N,G,B,D,A,H,-,C,D,0,Y,,,,Y,,N,60,1,0,0,0,1,0,0,0,0,"- ","- ",33.948720000000002,-118.30024,"LOS ANGELES",UNINCORPORATED,-118.30024229999999,33.948664899999997
6337184,2013,2014-04-22,1900,2013-10-08,0130,473010,1517,2,5,5,1954,0,0,0,,0,151T3E,"WASHINGTON BL","LOCH ALENE AV",150.00,E,N,A,-,N,,,,,,,,,,N,4,0,1,2,A,-,11,21954,A,N,G,B,E,A,H,-,D,D,0,Y,,,,Y,Y,N,60,0,0,1,0,1,0,0,0,0,"- ","- ",,,"LOS ANGELES","PICO RIVERA",-118.0936075,33.981389299999996
6338100,2013,2014-01-25,1941,2013-01-19,1445,10244,,6,5,7,1941,0,0,0,,0,,"EASY AV","WILLOW ST",107.00,N,N,A,-,N,,,,,,,,,,Y,3,0,1,2,A,-,"- ",,,N,A,B,E,A,H,-,A,A,0,Y,,,,Y,,N,,0,1,0,0,1,0,0,0,0,"- ","- ",,,"LOS ANGELES","LONG BEACH",-118.21001219999999,33.804738299999997
6338112,2013,2014-01-30,9565,2013-01-19,0934,1F17060,,6,1,9,1900,0,3,5,,2,004,"111TH ST","TRURO AV",5.00,E,N,A,-,N,,,,,,,,,,N,4,0,1,2,A,-,10,21950,A,N,G,B,B,A,H,-,A,D,0,Y,,,,Y,,A,07,0,0,1,0,1,0,0,0,0,"- ","- ",33.934530000000002,-118.35809999999999,"LOS ANGELES",UNINCORPORATED,-118.35806580000001,33.934465400000001
6338163,2013,2014-01-31,9565,2013-02-26,0715,19355,,2,1,9,1900,0,3,5,,2,002,"W 120TH ST","WESTERN AV",0.00,,Y,A,-,N,,,,,,,,,,N,4,0,1,2,A,-,10,21950,A,N,G,B,B,A,H,-,A,A,0,Y,,,,Y,Y,A,07,0,0,1,0,1,0,0,0,0,"- ","- ",33.924100000000003,-118.30891,"LOS ANGELES",UNINCORPORATED,-118.3090522,33.924064899999998
6338193,2013,2014-07-03,9565,2013-02-24,0140,020301,,7,3,9,1900,0,3,5,,2,003,"STOCKER ST","OVERHILL DR",300.00,E,N,A,-,N,,,,,,,,,,N,4,0,1,2,A,-,08,22107,,F,G,B,E,A,H,-,C,D,0,Y,,,,Y,,-,99,0,0,1,0,1,0,0,0,0,"- ","- ",33.997169999999997,-118.35817,"LOS ANGELES",UNINCORPORATED,-118.3571109,33.997398699999998
6338208,2013,2014-02-04,9565,2013-03-11,0720,17060,,1,1,9,1900,0,3,5,,2,002,"96TH ST","VERMONT ST",700.00,W,N,A,-,N,,,,,,,,,,Y,3,0,1,2,A,-,08,22107,,N,G,B,F,A,H,-,A,D,0,Y,,,,Y,,A,01,0,1,0,0,1,0,0,0,0,"- ","- ",33.948650000000001,-118.29396,"LOS ANGELES",UNINCORPORATED,-118.2942457,33.948694799999998
6338215,2013,2014-02-04,9530,2013-03-12,0543,70546,,2,3,9,1900,0,3,5,,2,001,"SEVILLE AV","LIVE OAK ST",4.00,N,N,A,-,N,,,,,,,,,,N,2,0,1,2,A,-,10,21950,A,N,G,B,B,A,H,-,C,A,0,Y,,,,Y,,A,01,1,0,0,0,1,0,0,0,0,"- ","- ",33.970999999999997,-118.22199999999999,"LOS ANGELES",UNINCORPORATED,-118.2224922,33.971405799999999
6338809,2013,2014-05-16,9535,2013-12-19,1710,018692,,4,2,9,1900,0,2,4,,2,018,"3RD ST","WOODS AV",0.00,,Y,B,-,N,,,,,,,,,,N,4,0,1,2,A,-,11,21950,B,N,G,B,B,B,H,-,C,A,0,Y,,,,Y,Y,N,60,0,0,1,0,1,0,0,0,0,"- ","- ",34.033360000000002,-118.1558,"LOS ANGELES",UNINCORPORATED,-118.15574220000001,34.033404900000001
6338824,2013,2014-05-16,1942,2013-12-19,1810,41207,2076,4,5,7,1942,0,0,0,,0,20A88,"VERMONT AV","WASHINGTON BL",2.00,N,N,A,-,N,,,,,,,,,,N,4,0,1,2,A,-,11,21456,B,N,G,B,B,B,H,-,C,A,0,Y,,,,Y,,N,60,0,0,1,0,1,0,0,0,0,"- ","- ",,,"LOS ANGELES","LOS ANGELES",-118.2915922,34.040050299999997
6338826,2013,2014-05-16,1942,2013-12-25,1900,40487,2011,3,5,7,1942,0,0,0,,0,20A1,"BEVERLY BL","VAN NESS AV",0.00,,Y,A,-,N,,,,,,,,,,N,4,0,1,2,A,-,10,21950,A,N,G,B,B,A,H,-,C,A,0,Y,,,,Y,,A,01,0,0,1,0,1,0,0,0,0,"- ","- ",,,"LOS ANGELES","LOS ANGELES",-118.3157123,34.076234900000003
6338828,2013,2014-05-16,1942,2013-12-26,1905,40732,2027,4,5,7,1942,0,0,0,,0,20A14,KENMORE,"5TH ST",0.00,,Y,A,-,N,,,,,,,,,,N,4,0,1,2,A,-,"- ",,,N,G,B,B,A,H,-,C,A,0,Y,,,,Y,,A,01,0,0,1,0,1,0,0,0,0,"- ","- ",,,"LOS ANGELES","LOS ANGELES",-118.29666229999999,34.065394900000001
6338843,2013,2014-05-13,1942,2013-12-10,2150,33419,1494,2,5,7,1942,0,0,0,N,0,142L94,"WORLD WAY SOUTH","WEST WY",150.00,W,N,A,-,N,,,,,,,,,,N,4,0,1,3,A,-,03,22350,,N,G,B,E,A,H,-,C,D,0,Y,,,,Y,,A,01,0,0,1,0,1,0,0,0,0,"- ","- ",,,"LOS ANGELES","LOS ANGELES",-118.4060736,33.942715499999998
6338849,2013,2014-05-13,1942,2013-12-20,0130,25495,2027,5,5,7,1942,0,0,0,,0,7TL23,"ALEXANDRIA AV","6TH ST",78.00,N,N,A,-,N,,,,,,,,,,N,3,0,1,2,A,-,09,21804,A,F,G,B,F,A,H,-,C,D,0,Y,,,,Y,,-,99,0,1,0,0,1,0,0,0,0,"- ","- ",,,"LOS ANGELES","LOS ANGELES",-118.2979534,34.063788799999998
6338850,2013,2014-05-13,1942,2013-12-29,1425,37966,0645,7,5,7,1942,0,0,0,F,0,6TL2,"HOLLYWOOD BL","SYCAMORE AV",0.00,,Y,A,-,N,,,,,,,,,,N,4,0,1,2,A,-,10,21950,A,F,G,B,B,A,H,-,A,D,0,Y,,,,Y,,-,99,0,0,1,0,1,0,0,0,0,"- ","- ",,,"LOS ANGELES","LOS ANGELES",-118.34335230000001,34.101534899999997
6338854,2013,2014-05-13,1942,2013-12-20,1800,38007,0702,5,5,7,1942,0,0,0,G,0,7A22,"MELROSE AV","VISTA AV",50.00,E,N,A,-,N,,,,,,,,,,N,4,0,1,2,A,-,11,21954,A,N,G,B,D,A,H,-,C,D,0,Y,,,,Y,,N,60,0,0,1,0,1,0,0,0,0,"- ","- ",,,"LOS ANGELES","LOS ANGELES",-118.3520874,34.083591900000002
6338857,2013,2014-05-13,1942,2013-12-23,0935,40560,0745,1,5,7,1942,0,0,0,G,0,20TL55,"BURNSIDE AV","8TH ST",0.00,,Y,A,-,N,,,,,,,,,,N,3,0,1,2,A,-,10,21950,A,N,G,B,B,A,H,-,A,A,0,Y,,,,Y,,A,01,0,1,0,0,1,0,0,0,0,"- ","- ",,,"LOS ANGELES","LOS ANGELES",-118.3500923,34.060625000000002
6339087,2013,2014-05-20,1900,2013-12-19,1250,522012,1623,4,5,5,1977,0,0,0,,0,164T,"MAIN ST","23RD ST",0.00,,Y,B,-,N,,,,,,,,,,N,3,0,1,2,A,-,03,22350,,N,G,B,E,B,H,-,A,A,0,Y,,,,Y,,A,07,0,1,0,0,1,0,0,0,0,"- ","- ",,,"LOS ANGELES",CARSON,-118.2761522,33.824294899999998
6339185,2013,2014-05-19,1942,2013-12-10,1815,40735,1645,2,5,7,1942,0,0,0,P,0,217L62,"NORRIS AV","PIERCE ST",330.00,N,N,A,-,N,,,,,,,,,,N,4,0,1,2,A,-,11,21954,A,N,G,B,D,A,H,-,C,D,0,Y,,,,Y,,N,60,0,0,1,0,1,0,0,0,0,"- ","- ",,,"LOS ANGELES","LOS ANGELES",-118.41380789999999,34.268077699999999
6339197,2013,2014-05-16,1941,2013-12-17,1856,5615,,2,5,7,1941,0,0,0,,0,,"67TH WY","LONG BEACH BL",21.00,W,N,A,-,N,,,,,,,,,,N,4,0,1,2,A,-,11,21954,A,N,G,B,D,A,H,-,C,A,0,Y,,,,Y,Y,N,,0,0,1,0,1,0,0,0,0,"- ","- ",,,"LOS ANGELES","LONG BEACH",-118.20359120000001,33.876824800000001
6339198,2013,2014-05-16,1941,2013-12-04,1553,6072,,3,5,7,1941,0,0,0,,0,,"ATLANTIC AV","60TH ST",0.00,,Y,A,-,N,,,,,,,,,,N,3,0,1,2,A,-,10,21950,A,N,G,B,B,A,H,-,A,A,0,Y,,,,Y,,A,,0,1,0,0,1,0,0,0,0,"- ","- ",,,"LOS ANGELES","LONG BEACH",-118.18507219999999,33.863694899999999
6339601,2013,2014-01-23,1901,2013-01-14,2019,183,,1,5,5,1901,0,0,0,,0,15-2,"ALMANSOR ST",VIOLETA,7.00,N,N,A,-,N,,,,,,,,,,N,3,0,1,2,A,-,10,21950,A,N,G,B,-,A,H,-,C,D,0,Y,,,,Y,,A,01,0,1,0,0,1,0,0,0,0,"- ","- ",,,"LOS ANGELES",ALHAMBRA,-118.1169124,34.076894099999997
6339841,2013,2014-05-15,1942,2013-12-29,2215,38859,2053,7,5,7,1942,0,0,0,,0,20A69,"OLYMPIC BL","WESTERN AV",5.00,S,N,A,-,N,,,,,,,,,,N,3,0,1,2,A,-,10,21950,A,F,G,B,B,A,H,-,C,A,0,Y,,,,Y,Y,-,99,0,1,0,0,1,0,0,0,0,"- ","- ",,,"LOS ANGELES","LOS ANGELES",-118.309061,34.052635000000002
6339845,2013,2015-01-16,1942,2013-12-27,0305,40025,0824,5,5,7,1942,0,0,0,H,0,7T23,"CHAUTAUQUA BL","BORGOS PL",236.00,N,N,A,-,N,,,,,,,,,,N,1,1,0,2,A,-,11,21956,A,F,G,B,E,A,H,-,C,D,0,Y,,,,Y,Y,N,60,0,0,0,1,0,0,0,0,0,"- ","- ",,,"LOS ANGELES","LOS ANGELES",-118.5181639,34.039147800000002
6339861,2013,2014-05-15,1942,2013-12-11,1345,33340,1063,3,5,7,1942,0,0,0,J,0,10TL32,"VENTURA BL","VANALDEN AV",256.00,E,N,A,-,N,,,,,,,,,,N,4,0,1,2,A,-,10,21954,B,N,B,B,E,A,H,-,A,D,0,Y,,,,Y,,A,01,0,0,1,0,1,0,0,0,0,"- ","- ",,,"LOS ANGELES","LOS ANGELES",-118.5492481,34.172535699999997
6339925,2013,2014-05-19,1975,2013-12-12,1726,269,,4,5,6,1975,0,0,0,,0,006,"NOGALES RD","FENMEAD ST",15.00,N,N,A,-,N,,,,,,,,,,N,4,0,1,2,A,-,11,21954,A,N,G,B,D,A,H,-,C,D,0,Y,,,,Y,,N,60,0,0,1,0,1,0,0,0,0,"- ","- ",,,"LOS ANGELES","WEST COVINA",-117.8873576,34.006255799999998
6339926,2013,2014-05-20,1942,2013-12-18,1900,40463,1255,3,5,7,1942,0,0,0,L,0,18TL39,"BUDLONG AV","FLORENCE AV",0.00,,Y,A,-,N,,,,,,,,,,N,4,0,1,2,A,-,10,21950,A,N,B,B,B,A,H,-,C,A,0,Y,,,,Y,,A,01,0,0,1,0,1,0,0,0,0,"- ","- ",,,"LOS ANGELES","LOS ANGELES",-118.2962023,33.9745949
6339930,2013,2014-05-19,1942,2013-12-18,2345,38502,1241,3,5,7,1942,0,0,0,L,0,12T41,"CRENSHAW BL","60TH ST",320.00,S,N,A,-,N,,,,,,,,,,N,2,0,1,2,A,-,11,21954,A,F,D,B,D,A,H,-,C,A,0,Y,,,,Y,,N,60,1,0,0,0,1,0,0,0,0,"- ","- ",,,"LOS ANGELES","LOS ANGELES",-118.3309362,33.984528400000002
6339931,2013,2014-05-15,1942,2013-12-26,1400,39061,1871,4,5,7,1942,0,0,0,R,0,DESK,"VERMONT AV","140TH ST",100.00,S,N,A,-,N,,,,,,,,,,N,3,0,1,2,-,-,"- ",,,F,G,B,G,A,H,-,A,D,0,Y,,,,Y,,-,"- ",0,1,0,0,1,0,0,0,0,"- ","- ",,,"LOS ANGELES","LOS ANGELES",-118.2916122,33.904440600000001
6339934,2013,2014-05-19,1942,2013-12-22,1905,40696,1267,7,5,7,1942,0,0,0,L,0,3T5,"84TH ST","HOOVER ST",486.00,W,N,A,-,N,,,,,,,,,,N,2,0,1,2,A,-,"- ",,,F,G,B,E,A,H,-,C,D,0,Y,,,,Y,,-,99,1,0,0,0,1,0,0,0,0,"- ","- ",,,"LOS ANGELES","LOS ANGELES",-118.2886918,33.962454899999997
6339941,2013,2014-05-19,1975,2013-12-16,0956,392,,1,5,6,1975,0,0,0,,0,TRAFFI,"VINCENT AV","GLENDORA AV",251.00,N,N,A,-,N,,,,,,,,,,N,4,0,1,2,A,-,"- ",,,N,G,B,-,A,H,-,A,D,0,Y,,,,Y,,A,01,0,0,1,0,0,0,0,0,0,"- ","- ",,,"LOS ANGELES","WEST COVINA",-117.9274183,34.065829200000003
6339976,2013,2014-05-15,1942,2013-12-18,0825,37469,643,3,5,7,1942,0,0,0,,0,6TL7,"GARDNER AV","HOLLYWOOD BL",3.00,N,N,A,-,N,,,,,,,,,,N,3,0,1,2,A,-,10,21950,A,N,G,B,B,A,H,-,A,A,0,Y,,,,Y,,A,07,0,1,0,0,1,0,0,0,0,"- ","- ",,,"LOS ANGELES","LOS ANGELES",-118.3528723,34.101663100000003
6339992,2013,2014-05-15,1942,2013-12-18,1720,39262,643,3,5,7,1942,0,0,0,,0,6TL2,"HOLLYWOOD BL","FULLER AV",0.00,,Y,A,-,N,,,,,,,,,,N,3,0,1,2,D,-,00,,,N,G,B,B,A,H,-,C,A,0,Y,,,,Y,,-,"- ",0,1,0,0,1,0,0,0,0,"- ","- ",,,"LOS ANGELES","LOS ANGELES",-118.3489622,34.101615000000002
6341163,2013,2014-04-01,9565,2013-03-16,2140,19031,,6,2,7,1942,0,3,5,,2,002,"IMPERIAL HWY","WESTERN AV",0.00,,Y,A,-,N,,,,,,,,,,N,2,0,1,2,A,-,10,21950,A,F,G,B,B,A,H,-,C,A,0,Y,,,,Y,,-,99,1,0,0,0,1,0,0,0,0,"- ","- ",33.931010000000001,-118.30911,"LOS ANGELES","LOS ANGELES",-118.3090323,33.931044900000003
6341466,2013,2014-02-04,9530,2013-03-16,2350,20359,,6,3,9,1900,0,3,5,,2,001,BROADWAY,"MOUNTAIN VIEW AV",60.00,W,N,A,-,N,,,,,,,,,,N,4,0,1,2,A,-,11,21954,A,F,G,B,D,A,H,-,D,D,0,Y,,,,Y,,N,60,0,0,1,0,1,0,0,0,0,"- ","- ",33.965730000000001,-118.29673,"LOS ANGELES",UNINCORPORATED,-118.2188783,33.966034000000001
6341507,2013,2014-05-16,1900,2013-11-15,1419,101944,0453,5,5,6,1949,0,0,0,,0,43T1,"FILESTONE BLVD","PIONEER BL",10.00,W,N,B,-,N,,,,,,,,,,N,4,0,1,2,A,-,11,21950,B,N,G,B,B,A,H,-,A,A,0,Y,,,,Y,,N,60,0,0,1,0,1,0,0,0,0,"- ","- ",,,"LOS ANGELES",NORWALK,-118.08195499999999,33.912863000000002
6341509,2013,2014-02-04,9530,2013-03-17,1500,20548,,7,2,9,1900,0,3,5,,2,001,"65TH ST","HOOPER AV",6.00,W,N,A,-,N,,,,,,,,,,N,4,0,1,2,A,-,10,21950,A,N,G,B,D,B,H,-,A,A,0,Y,,,,Y,,A,08,0,0,1,0,1,0,0,0,0,"- ","- ",33.981589999999997,-118.25214,"LOS ANGELES",UNINCORPORATED,-118.2521019,33.980815
6341515,2013,2014-05-15,1900,2013-11-12,1413,101944,0451,2,5,6,1949,0,0,0,,0,43T1,"LAKELAND RD","PIONEER BL",37.00,E,N,B,-,N,,,,,,,,,,Y,2,0,1,2,A,-,11,21954,A,N,G,-,E,A,H,-,A,A,0,Y,,,,Y,,N,60,1,0,0,0,1,0,0,0,0,"- ","- ",,,"LOS ANGELES",NORWALK,-118.0817904,33.9316849
6341535,2013,2014-01-25,9565,2013-01-30,1150,020487,,3,1,9,1900,0,3,5,,2,004,"CRENSHAW BL","135TH ST",75.00,N,N,A,-,N,,,,,,,,,,N,2,0,1,2,A,-,11,21954,A,N,G,B,D,A,H,-,A,D,0,Y,,,,Y,Y,N,60,1,0,0,0,1,0,0,0,0,"- ","- ",33.909529999999997,-118.32664,"LOS ANGELES",UNINCORPORATED,-118.32642439999999,33.909386300000001
6341578,2013,2014-02-04,9565,2013-03-01,1750,20310,,5,2,9,1900,0,3,5,,2,002,"BERENDO AV","EL SEGUNDO BL",0.00,N,N,A,-,N,,,,,,,,,,N,4,0,1,2,A,-,12,22450,A,F,G,B,B,A,H,-,B,A,0,Y,,,,Y,,-,99,0,0,1,0,1,0,0,0,0,"- ","- ",33.916849999999997,-118.29402,"LOS ANGELES",UNINCORPORATED,-118.2939722,33.916414899999999