CASE_ID,ACCIDENT_YEAR,PROC_DATE,JURIS,COLLISION_DATE,COLLISION_TIME,OFFICER_ID,REPORTING_DISTRICT,DAY_OF_WEEK,CHP_SHIFT,POPULATION,CNTY_CITY_LOC,SPECIAL_COND,BEAT_TYPE,CHP_BEAT_TYPE,CITY_DIVISION_LAPD,CHP_BEAT_CLASS,BEAT_NUMBER,PRIMARY_RD,SECONDARY_RD,DISTANCE,DIRECTION,INTERSECTION,WEATHER_1,WEATHER_2,STATE_HWY_IND,CALTRANS_COUNTY,CALTRANS_DISTRICT,STATE_ROUTE,ROUTE_SUFFIX,POSTMILE_PREFIX,POSTMILE,LOCATION_TYPE,RAMP_INTERSECTION,SIDE_OF_HWY,TOW_AWAY,COLLISION_SEVERITY,NUMBER_KILLED,NUMBER_INJURED,PARTY_COUNT,PRIMARY_COLL_FACTOR,PCF_CODE_OF_VIOL,PCF_VIOL_CATEGORY,PCF_VIOLATION,PCF_VIOL_SUBSECTION,HIT_AND_RUN,TYPE_OF_COLLISION,MVIW,PED_ACTION,ROAD_SURFACE,ROAD_COND_1,ROAD_COND_2,LIGHTING,CONTROL_DEVICE,CHP_ROAD_TYPE,PEDESTRIAN_ACCIDENT,BICYCLE_ACCIDENT,MOTORCYCLE_ACCIDENT,TRUCK_ACCIDENT,NOT_PRIVATE_PROPERTY,ALCOHOL_INVOLVED,STWD_VEHTYPE_AT_FAULT,CHP_VEHTYPE_AT_FAULT,COUNT_SEVERE_INJ,COUNT_VISIBLE_INJ,COUNT_COMPLAINT_PAIN,COUNT_PED_KILLED,COUNT_PED_INJURED,COUNT_BICYCLIST_KILLED,COUNT_BICYCLIST_INJURED,COUNT_MC_KILLED,COUNT_MC_INJURED,PRIMARY_RAMP,SECONDARY_RAMP,LATITUDE,LONGITUDE,COUNTY,CITY,POINT_X,POINT_Y
6351321,2013,2014-05-08,1965,2013-11-20,2015,2606,05B2,3,5,5,1965,0,0,0,,0,005,"MONTANA AV","17TH ST",0.00,,Y,B,-,N,,,,,,,,,,N,4,0,1,2,A,-,10,21950,A,F,G,B,B,B,H,-,C,-,0,Y,,,,Y,Y,A,01,0,0,1,0,1,0,0,0,0,"- ","- ",,,"LOS ANGELES","SANTA MONICA",-118.4923623,34.034484900000002
6354008,2013,2014-05-15,1924,2013-11-15,1957,112602,49,5,5,5,1924,0,0,0,,0,8A51M,"MARIPOSA AV","170TH ST",48.00,N,N,A,-,N,,,,,,,,,,N,3,0,1,2,A,-,"- ",,,N,G,B,D,A,H,-,C,D,0,Y,,,,Y,Y,N,60,0,1,0,0,1,0,0,0,0,"- ","- ",,,"LOS ANGELES",GARDENA,-118.2974585,33.876716399999999
6354015,2013,2014-05-14,1906,2013-11-15,1640,2898,1906,5,5,5,1906,0,0,0,,0,001,"SYCAMORE AV","TORCH ST",0.00,,Y,A,-,N,,,,,,,,,,N,4,0,1,2,A,-,12,22450,,F,G,B,E,A,H,-,A,D,0,Y,,,,Y,,N,60,0,0,1,0,1,0,0,0,0,"- ","- ",,,"LOS ANGELES","BALDWIN PARK",-117.998486,34.068418000000001
6354023,2013,2014-05-14,1906,2013-11-30,1651,2893,CITRU,6,5,5,1906,0,0,0,,0,002,"MAINE AV","RAMONA BL",3.00,N,N,A,-,N,,,,,,,,,,N,4,0,1,2,A,-,10,21950,A,N,G,B,B,A,H,-,A,-,0,Y,,,,Y,,-,"- ",0,0,1,0,1,0,0,0,0,"- ","- ",,,"LOS ANGELES","BALDWIN PARK",-117.96042129999999,34.086623099999997
6354035,2013,2014-05-14,1924,2013-11-20,2131,108241,19,3,5,5,1924,0,0,0,,0,8T3,"ROSECRANS AV","BUDLONG AV",14.00,W,N,C,-,N,,,,,,,,,,N,4,0,1,2,A,-,11,21456,B,N,G,B,D,B,H,-,C,A,0,Y,,,,Y,,N,60,0,0,1,0,1,0,0,0,0,"- ","- ",,,"LOS ANGELES",GARDENA,-118.2961182,33.901894900000002
6354071,2013,2014-05-15,1924,2013-11-11,1849,108241,29,1,5,5,1924,0,0,0,,0,8T3,"CRENSHAW BL","156TH ST",32.00,N,N,A,-,N,,,,,,,,,,N,2,0,1,2,A,-,11,21954,A,N,G,B,D,A,H,-,C,D,0,Y,,,,Y,Y,N,60,1,0,0,0,1,0,0,0,0,"- ","- ",,,"LOS ANGELES",GARDENA,-118.3265232,33.889302600000001
6354075,2013,2014-05-15,1924,2013-11-12,1935,109289,24,2,5,5,1924,0,0,0,,0,SL31M,"WESTERN AV","146TH ST",15.00,S,N,A,-,N,,,,,,,,,,N,3,0,2,3,A,-,10,21950,C,N,G,B,B,A,H,-,C,D,0,Y,,,,Y,,A,01,0,1,1,0,2,0,0,0,0,"- ","- ",,,"LOS ANGELES",GARDENA,-118.3091622,33.898933700000001
6354147,2013,2014-05-16,1942,2013-12-20,1455,41366,0452,5,5,7,1942,0,0,0,D,0,4A55,"BOYLE AV","PLEASANT ST",0.00,,Y,A,-,N,,,,,,,,,,N,3,0,1,2,A,-,"- ",,,N,G,B,D,A,H,-,A,D,0,Y,,,,Y,,N,60,0,1,0,0,1,0,0,0,0,"- ","- ",,,"LOS ANGELES","LOS ANGELES",-118.2199123,34.047644900000002
6354159,2013,2014-05-16,1942,2013-12-24,2100,40897,0497,2,5,7,1942,0,0,0,D,0,4A97,"SOTO ST","OLYMPIC BL",70.00,S,N,A,-,Y,,,,,,,,,,N,2,0,1,2,A,-,11,21954,A,N,G,B,D,A,H,-,C,A,0,Y,,,,Y,,N,60,1,0,0,0,1,0,0,0,0,"- ","- ",,,"LOS ANGELES","LOS ANGELES",-118.2198913,34.024083599999997
6354236,2013,2014-05-14,1909,2013-12-23,1204,498,1909,1,5,4,1909,0,0,0,,0,NORTH,"EASTERN AV","LUBEC ST",0.00,,Y,A,-,N,,,,,,,,,,N,4,0,1,2,A,-,10,21950,A,N,G,B,B,A,H,-,A,A,0,Y,,,,Y,,-,"- ",0,0,1,0,1,0,0,0,0,"- ","- ",,,"LOS ANGELES","BELL GARDENS",-118.1643323,33.9715749
6354981,2013,2014-05-05,1900,2013-11-20,1225,449495,0454,3,5,6,1949,0,0,0,,0,43T1,"CLARKDALE AV","ROSECRANS AV",254.00,N,N,B,-,N,,,,,,,,,,N,4,0,1,2,A,-,03,22350,,N,G,B,D,A,H,-,A,D,0,Y,,,,Y,,D,22,0,0,1,0,1,0,0,0,0,"- ","- ",,,"LOS ANGELES",NORWALK,-118.0793719,33.902724200000002
6355176,2013,2014-05-16,1942,2013-11-23,1315,32372,981,6,5,7,1942,0,0,0,,0,35M55,"ORION AV","RAYEN ST",75.00,S,N,B,-,N,,,,,,,,,,N,3,0,1,2,A,-,11,21956,A,F,G,B,D,A,H,-,A,D,0,Y,,,,Y,,N,60,0,1,0,0,1,0,0,0,0,"- ","- ",,,"LOS ANGELES","LOS ANGELES",-118.472005,34.231719200000001
6355287,2013,2014-05-19,1942,2013-11-18,1445,37966,0657,1,5,7,1942,0,0,0,F,0,6TL4,"SANTA MONICA BL","WILTON PL",6.00,W,N,B,-,N,,,,,,,,,,N,4,0,1,2,A,-,10,21950,A,F,G,B,B,A,H,-,A,A,0,Y,,,,Y,,-,99,0,0,1,0,1,0,0,0,0,"- ","- ",,,"LOS ANGELES","LOS ANGELES",-118.313592,34.090764499999999
6355311,2013,2014-05-19,1942,2013-11-06,0820,32565,Z027,3,5,7,1942,0,0,0,,0,20T59,"ALEXANDRIA AV","5TH ST",10.00,S,N,A,-,N,,,,,,,,,,N,4,0,1,2,A,-,10,21950,A,F,B,B,B,A,H,-,A,A,0,Y,,,,Y,,A,01,0,0,1,0,1,0,0,0,0,"- ","- ",,,"LOS ANGELES","LOS ANGELES",-118.297962,34.0653674
6355327,2013,2014-05-19,1942,2013-11-12,0730,40315,0826,2,5,7,1942,0,0,0,H,0,6T7,"SUNSET BL","WESTGATE AV",19.00,E,N,B,-,N,,,,,,,,,,N,4,0,1,2,A,-,11,21954,A,N,G,B,D,A,H,-,A,D,0,Y,,,,Y,,N,60,0,0,1,0,1,0,0,0,0,"- ","- ",,,"LOS ANGELES","LOS ANGELES",-118.472758,34.062911700000001
6355338,2013,2014-05-21,1942,2013-11-23,1800,31255,0841,6,5,7,1942,0,0,0,H,0,14TL52,"BROCKTON AV","WILSHIRE BL",0.00,,Y,A,-,N,,,,,,,,,,Y,3,0,1,2,A,-,10,21950,A,N,G,B,B,A,H,-,A,A,0,Y,,,,Y,,A,01,0,1,0,0,1,0,0,0,0,"- ","- ",,,"LOS ANGELES","LOS ANGELES",-118.4651923,34.045954899999998
6355342,2013,2014-05-21,1942,2013-11-19,0710,37700,1437,2,5,7,1942,0,0,0,N,0,8TL28,"VENICE BL","SEPULVEDA BL",30.00,E,N,A,-,N,,,,,,,,,,N,2,0,1,2,A,-,11,21954,A,F,G,B,E,A,H,-,A,A,0,Y,,,,Y,,-,99,1,0,0,0,1,0,0,0,0,"- ","- ",,,"LOS ANGELES","LOS ANGELES",-118.4171784,34.0130184
6355343,2013,2014-05-20,1942,2013-11-26,2300,27792,1605,2,5,7,1942,0,0,0,P,0,10T35W,"HUNNEWELL AV","PIERCE ST",325.00,N,N,A,-,N,,,,,,,,,,N,2,0,2,3,A,-,21,22106,,F,G,B,E,A,H,-,C,D,0,Y,,,,Y,,-,99,2,0,0,0,2,0,0,0,0,"- ","- ",,,"LOS ANGELES","LOS ANGELES",-118.3969843,34.280315700000003
6355350,2013,2014-05-21,1942,2013-11-19,1710,37700,0743,2,5,7,1942,0,0,0,G,0,8TL28,"8TH ST","CURSON AV",50.00,E,N,A,-,N,,,,,,,,,,N,4,0,1,2,A,-,03,22350,,F,G,B,F,A,H,-,C,D,0,Y,,,,Y,,-,99,0,0,1,0,1,0,0,0,0,"- ","- ",,,"LOS ANGELES","LOS ANGELES",-118.355549,34.060715999999999
6355354,2013,2014-05-21,1942,2013-11-18,0840,37469,0625,1,5,7,1942,0,0,0,F,0,6T7,"FRANKLIN AV","S LAS PALMAS AV",92.00,E,N,A,-,N,,,,,,,,,,N,2,0,1,2,A,-,10,21950,A,N,G,B,B,A,H,-,A,A,0,Y,,,,Y,,A,07,1,0,0,0,1,0,0,0,0,"- ","- ",,,"LOS ANGELES","LOS ANGELES",-118.3360989,34.105184899999998
6355356,2013,2014-05-20,1942,2013-11-25,0800,30830,1037,1,5,7,1942,0,0,0,J,0,16TL23,"VICTORY BL","LOUISE AV",10.00,W,N,A,-,N,,,,,,,,,,N,3,0,1,2,A,-,11,21456,B,N,G,B,B,A,H,-,A,A,0,Y,,,,Y,,N,60,0,1,0,0,1,0,0,0,0,"- ","- ",,,"LOS ANGELES","LOS ANGELES",-118.5098753,34.186614900000002
6355454,2013,2014-05-20,1942,2013-11-26,1400,39479,1621,2,5,7,1942,0,0,0,P,0,17TL14,"LAUREL CANYON BL","PAXTON ST",3.00,N,N,A,-,N,,,,,,,,,,N,4,0,1,2,A,-,10,21950,A,N,G,B,B,A,H,-,A,A,0,Y,,,,Y,,A,01,0,0,1,0,1,0,0,0,0,"- ","- ",,,"LOS ANGELES","LOS ANGELES",-118.4384687,34.264741100000002
6355474,2013,2014-10-03,1942,2013-11-21,1900,32963,1775,4,5,7,1942,0,0,0,Q,0,17A49,"WHITE OAK AV","PRAIRIE ST",2.00,N,N,B,-,N,,,,,,,,,,N,4,0,1,2,A,-,09,21802,,F,G,B,B,A,H,-,E,A,0,Y,,,,Y,,-,"- ",0,0,1,0,1,0,0,0,0,"- ","- ",,,"LOS ANGELES","LOS ANGELES",-118.5199823,34.239480299999997
6355490,2013,2014-05-20,1920,2013-11-05,1852,11992,,2,5,6,1920,0,0,0,,0,005,"BROOKSHIRE AV","GALLATIN RD",0.00,,Y,A,-,N,,,,,,,,,,N,4,0,1,2,A,-,10,21950,A,N,G,B,B,A,H,-,C,A,0,Y,,,,Y,,A,,0,0,1,0,1,0,0,0,0,"- ","- ",,,"LOS ANGELES",DOWNEY,-118.1162123,33.956004900000003
6355500,2013,2014-05-19,1942,2013-11-24,1750,39217,2128,7,5,7,1942,0,0,0,,0,17TL12,"OSO AV","INGOMAR ST",0.00,,Y,A,-,N,,,,,,,,,,N,2,0,1,2,A,-,11,21954,A,N,G,B,E,A,H,-,C,D,0,Y,,,,Y,,N,60,1,0,0,0,1,0,0,0,0,"- ","- ",,,"LOS ANGELES","LOS ANGELES",-118.57540229999999,34.211574900000002
6356594,2013,2014-05-16,1942,2013-12-29,1705,R2138,0819,7,5,7,1942,0,0,0,H,0,34TF34,"HOLMBY AV","WILSHIRE BL",120.00,N,N,A,-,N,,,,,,,,,,N,4,0,1,2,A,-,21,22106,,N,G,B,F,A,H,-,D,D,0,Y,,,,Y,,A,01,0,0,1,0,1,0,0,0,0,"- ","- ",,,"LOS ANGELES","LOS ANGELES",-118.43039020000001,34.066586899999997
6356603,2013,2014-05-24,1900,2013-12-15,0136,473010,1518,7,5,5,1954,0,0,0,,0,151T3E,"CHARLESWORTH RD","PASSONS BL",600.00,W,N,A,-,N,,,,,,,,,,N,4,0,1,2,A,-,"- ",,,F,G,B,E,A,H,-,D,-,0,Y,,,,Y,Y,N,60,0,0,1,0,1,0,0,0,0,"- ","- ",,,"LOS ANGELES","PICO RIVERA",-118.1026772,33.961861800000001
6356656,2013,2014-04-28,1942,2013-10-23,1140,364,,3,5,7,1942,0,0,0,,0,903,"CHARLES E YOUNG DR","TIVERTON AV",142.00,E,N,A,-,N,,,,,,,,,,N,3,0,1,2,A,-,11,21954,A,N,G,B,D,A,H,-,A,D,0,Y,,,,Y,,N,60,0,1,0,0,1,0,0,0,0,"- ","- ",,,"LOS ANGELES","LOS ANGELES",-118.441329,34.067014
6357176,2013,2014-05-19,1907,2013-12-24,1904,190,2,2,5,4,1907,0,0,0,,0,,"HELIOTROPE AV","GAGE AV",130.00,N,N,A,-,N,,,,,,,,,,N,4,0,1,2,A,-,11,21954,A,N,G,B,D,A,H,-,C,D,0,Y,,,,Y,,N,60,0,0,1,0,1,0,0,0,0,"- ","- ",33.983960000000003,-118.17164,"LOS ANGELES",BELL,-118.1802484,33.977658499999997
6357180,2013,2014-05-19,1907,2013-12-25,0845,229,2,3,5,4,1907,0,0,0,,0,,"CRAFTON AV","FLORENCE AV",0.00,,Y,A,-,N,,,,,,,,,,N,4,0,1,2,A,-,10,21950,A,F,G,B,B,A,H,-,A,A,0,Y,,,,Y,,A,08,0,0,1,0,1,0,0,0,0,"- ","- ",,,"LOS ANGELES",BELL,-118.1752523,33.968894900000002
6357188,2013,2014-05-19,1942,2013-12-10,1055,336,R12,2,5,7,1942,0,0,0,,0,903,"16TH ST","WILSHIRE BL",303.00,S,N,A,-,N,,,,,,,,,,N,4,0,1,2,A,-,03,22350,,N,G,B,E,A,H,-,A,D,0,Y,,,,Y,,A,01,0,0,1,0,1,0,0,0,0,"- ","- ",,,"LOS ANGELES","LOS ANGELES",-118.48631640000001,34.027739099999998
6359445,2013,2014-05-20,1942,2013-12-02,1410,30825,1959,1,5,7,1942,0,0,0,,0,9TL54,"PIERCE ST","VENA AV",0.00,,Y,B,-,N,,,,,,,,,,N,4,0,1,2,A,-,21,22106,,N,G,B,B,A,H,-,A,A,0,Y,,,,Y,,A,01,0,0,1,0,1,0,0,0,0,"- ","- ",,,"LOS ANGELES","LOS ANGELES",-118.4330823,34.252805000000002
6360505,2013,2014-04-01,1970,2013-08-30,1956,192,,5,5,4,1970,0,0,0,,0,004,"MARENGO AV","HUNTINGTON DR",48.00,N,N,A,-,N,,,,,,,,,,N,3,0,1,2,A,-,11,21954,A,N,G,B,D,A,H,-,-,A,0,Y,,,,Y,,N,60,0,1,0,0,1,0,0,0,0,"- ","- ",,,"LOS ANGELES","SOUTH PASADENA",-118.1467225,34.104376500000001
6360519,2013,2014-05-05,1970,2013-11-15,1804,169,2,5,5,4,1970,0,0,0,,0,002,"MISSION ST","MOUND AV",8.00,W,N,A,-,N,,,,,,,,,,N,4,0,1,2,A,-,10,21950,A,N,G,B,B,A,H,-,C,D,0,Y,,,,Y,,A,07,0,0,1,0,1,0,0,0,0,"- ","- ",,,"LOS ANGELES","SOUTH PASADENA",-118.1518085,34.115823599999999
6360523,2013,2014-06-23,1970,2013-11-18,1012,164,,1,5,4,1970,0,0,0,,0,MISSIO,"EL CENTRO ST","FREMONT AV",219.00,W,N,A,-,N,,,,,,,,,,N,2,0,1,2,A,-,11,21954,A,N,G,B,D,A,H,-,A,D,0,Y,,,,Y,,-,"- ",1,0,0,0,1,0,0,0,0,"- ","- ",,,"LOS ANGELES","SOUTH PASADENA",-118.1538339,34.114754900000001
6360893,2013,2014-03-10,9530,2013-06-14,1900,020457,,5,2,7,1941,0,1,1,,2,071,"RT 710","LONG BEACH BL",780.00,S,N,A,-,Y,LA,7,710,-,-,11.790,H,-,N,Y,2,0,2,3,A,-,01,23152,A,N,C,E,E,A,H,-,A,D,1,Y,,,,Y,Y,D,22,1,1,0,0,1,0,0,0,0,"- ","- ",33.860039999999998,-118.20074,"LOS ANGELES","LONG BEACH",-118.2023382,33.858012899999999
6361158,2013,2014-02-14,9530,2013-04-15,1340,13604,,1,1,9,1900,0,3,5,,2,001,"SLAUSON AV","HOOPER AV",45.00,W,N,B,-,N,,,,,,,,,,N,3,0,1,2,A,-,11,21954,A,N,G,B,D,A,H,-,A,A,0,Y,,,,Y,,N,60,0,1,0,0,1,0,0,0,0,"- ","- ",33.989339999999999,-118.25236,"LOS ANGELES",UNINCORPORATED,-118.25227030000001,33.989324099999997
6361228,2013,2014-04-22,1942,2013-10-30,2115,32896,0646,3,5,7,1942,0,0,0,F,0,6T11,"LAS PALMAS AV","HOLLYWOOD BL",70.00,N,N,A,-,N,,,,,,,,,,N,4,0,1,2,A,-,11,21954,A,F,G,B,D,A,H,-,C,D,0,Y,,,,Y,,-,99,0,0,1,0,1,0,0,0,0,"- ","- ",,,"LOS ANGELES","LOS ANGELES",-118.3361548,34.101746800000001
6361238,2013,2014-05-22,1929,2013-11-26,1441,10157,,2,5,3,1929,0,0,0,,0,001,"ARDMORE AV","8TH ST",0.00,,Y,A,-,N,,,,,,,,,,Y,3,0,2,2,A,-,11,21956,,N,D,B,E,A,H,-,A,A,0,Y,,,,Y,,N,60,0,2,0,0,1,0,0,0,0,"- ","- ",,,"LOS ANGELES","HERMOSA BEACH",-118.39394230000001,33.860234900000002
6361275,2013,2014-04-21,1938,2013-10-22,1955,733,217,2,5,4,1938,0,0,0,,0,003,"FOOTHILL BL","FRUIT ST",0.00,,Y,A,-,Y,LA,7,66,-,-,1.731,I,5,W,N,4,0,1,2,A,-,10,21950,A,N,G,B,B,A,H,-,C,A,0,Y,,,,Y,,-,"- ",0,0,1,0,1,0,0,0,0,"- ","- ",,,"LOS ANGELES","LA VERNE",-117.7616621,34.112234899999997
6361288,2013,2014-05-28,1900,2013-12-23,1435,525141,231,1,5,5,1919,0,0,0,,0,230T,"GRIDLEY RD","SOUTH ST",315.00,N,N,A,-,N,,,,,,,,,,N,3,0,1,2,A,-,10,21950,A,N,G,B,B,A,H,-,A,A,0,Y,,,,Y,,A,01,0,1,0,0,1,0,0,0,0,"- ","- ",,,"LOS ANGELES",CERRITOS,-118.09098210000001,33.859348599999997
6361301,2013,2014-05-28,1901,2013-12-09,1824,207,27,1,5,5,1901,0,0,0,,0,003,"COMMONWEALTH AV","PALM AV",15.00,W,N,A,-,N,,,,,,,,,,N,4,0,1,2,A,-,10,21950,A,N,G,B,B,A,H,-,C,A,0,Y,,,,Y,,A,01,0,0,1,0,1,0,0,0,0,"- ","- ",,,"LOS ANGELES",ALHAMBRA,-118.146591,34.087891399999997
6361305,2013,2014-05-27,1942,2013-12-04,0740,26740,1434,3,5,7,1942,0,0,0,N,0,14MQ78,WALGROVE,ZANJA,0.00,,Y,A,-,N,,,,,,,,,,N,4,0,1,2,A,-,"- ",,,N,G,B,B,A,H,-,A,D,0,Y,,,,Y,,A,01,0,0,1,0,1,0,0,0,0,"- ","- ",,,"LOS ANGELES","LOS ANGELES",-118.44438220000001,33.994624899999998
6362460,2013,2014-04-18,9530,2013-07-21,1730,20406,,7,2,9,1900,0,3,5,,2,001,"MAIE AV","87TH ST",0.00,,Y,A,-,N,,,,,,,,,,N,3,0,1,2,A,-,11,21954,A,N,G,B,E,A,H,-,A,D,0,Y,,,,Y,,N,60,0,1,0,0,1,0,0,0,0,"- ","- ",33.959200000000003,-118.24418,"LOS ANGELES",UNINCORPORATED,-118.2442623,33.959184899999997
6362509,2013,2014-05-29,1975,2013-12-20,1515,338,,5,5,6,1975,0,0,0,,0,006,"NOGALES ST","AMANDA ST",0.00,,Y,A,-,N,,,,,,,,,,Y,2,0,1,2,A,-,10,21950,A,N,G,B,B,A,H,-,B,A,0,Y,,,,Y,,-,"- ",1,0,0,0,1,0,0,0,0,"- ","- ",,,"LOS ANGELES","WEST COVINA",-117.88667220000001,34.014014899999999
6363222,2013,2014-05-28,1942,2013-12-14,1300,4`1288,393,6,5,7,1942,0,0,0,,0,3A28,"DEGNAN BL","43RD ST",150.00,N,N,A,-,N,,,,,,,,,,N,3,0,1,2,A,-,11,21954,A,N,G,B,C,A,H,-,A,D,0,Y,,,,Y,,N,60,0,1,0,0,1,0,0,0,0,"- ","- ",,,"LOS ANGELES","LOS ANGELES",-118.3314721,34.006386200000001
6363325,2013,2014-02-21,9530,2013-04-10,2010,20546,,3,2,9,1900,0,3,5,,2,001,"SANTA FE AV","INDEPENDENCE AV",253.00,N,N,A,-,N,,,,,,,,,,Y,3,0,2,3,A,-,01,23152,A,N,C,C,E,A,H,-,C,D,0,Y,,,,Y,Y,D,22,0,2,0,0,1,0,0,0,0,"- ","- ",33.960650000000001,-118.22763999999999,"LOS ANGELES",UNINCORPORATED,-118.2272042,33.960672600000002
6363448,2013,2014-03-22,1931,2013-12-10,1705,00001,,2,5,5,1931,0,0,0,,0,,"FLORA AV","60TH ST",150.00,,N,A,-,N,,,,,,,,,,N,3,0,1,2,A,-,11,21954,A,N,G,B,D,A,H,-,B,D,0,Y,,,,Y,,N,60,0,1,0,0,1,0,0,0,0,"- ","- ",,,"LOS ANGELES","HUNTINGTON PARK",-118.18910700000001,33.986065000000004
6363886,2013,2014-05-28,9530,2013-07-02,0510,018278,,2,3,9,1900,0,1,1,,2,120,"RT 110","SEPULVEDA BL",14.00,S,N,A,-,Y,LA,7,110,-,-,5.408,R,3,N,N,4,0,1,2,A,-,10,21950,A,N,G,B,C,A,H,-,E,D,1,Y,,,,Y,,D,22,0,0,1,0,1,0,0,0,0,FR,"- ",33.80847,-118.28666,"LOS ANGELES",UNINCORPORATED,-118.2873421,33.809914900000003
6364013,2013,2014-03-21,9530,2013-07-15,2055,020375,,1,2,9,1900,0,1,1,,2,210,"RT 105","MONA BL",925.00,W,N,A,-,Y,LA,7,105,-,R,10.235,R,1,W,N,3,0,1,3,A,-,06,21750,,N,B,C,E,A,H,-,C,D,0,Y,,,Y,Y,,G,25,0,1,0,0,1,0,0,0,0,TO,"- ",33.928519999999999,-118.23916,"LOS ANGELES",UNINCORPORATED,-118.2303021,33.9285949
6364145,2013,2014-05-16,1942,2013-11-19,0900,38185,1274,2,5,7,1942,0,0,0,L,0,21TL61,"LINDLEY AV","LASSEN ST",0.00,N,N,A,-,N,,,,,,,,,,N,3,0,1,2,A,-,11,21954,A,N,G,B,D,A,H,-,A,A,0,Y,,,Y,Y,,N,60,0,1,0,0,1,0,0,0,0,"- ","- ",,,"LOS ANGELES","LOS ANGELES",-118.52736229999999,34.2500049
6364487,2013,2014-04-28,1900,2013-10-09,2005,504822,1368,3,5,5,1952,0,0,0,,0,136BP,"JACKSON ST","INDIANA ST",147.00,E,N,A,-,N,,,,,,,,,,N,3,0,1,2,A,-,11,21954,A,N,G,B,D,A,H,-,C,D,0,Y,,,,Y,,N,60,0,1,0,0,1,0,0,0,0,"- ","- ",,,"LOS ANGELES",PARAMOUNT,-118.1529788,33.8854148
6364495,2013,2014-04-28,1900,2013-10-31,1836,509582,1320,4,5,5,1935,0,0,0,,0,132T2,"CANDLEWOOD ST","PARAMOUNT BL",50.00,W,N,A,-,N,,,,,,,,,,N,4,0,1,2,A,-,11,21954,A,N,G,B,D,A,H,-,C,D,0,Y,,,,Y,,N,,0,0,1,0,1,0,0,0,0,"- ","- ",,,"LOS ANGELES",LAKEWOOD,-118.16006640000001,33.853810799999998
6364523,2013,2014-05-14,1900,2013-11-17,2215,524039,1327,7,5,5,1935,0,0,0,,0,132,"CARSON ST","RT 605",8.00,W,N,A,-,Y,LA,7,605,-,R,1.955,R,4,S,N,4,0,1,2,D,-,00,,,N,G,B,B,A,H,-,C,A,0,Y,,,,Y,,-,"- ",0,0,1,0,1,0,0,0,0,"- ","- ",,,"LOS ANGELES",LAKEWOOD,-118.0864921,33.835444899999999
6364531,2013,2014-05-23,1941,2013-12-19,1819,10555,,4,5,7,1941,0,0,0,,0,,"BIXBY RD","CALIFORNIA AV",0.00,,Y,A,-,N,,,,,,,,,,N,4,0,1,2,A,-,10,21950,A,N,G,B,B,A,H,-,C,A,0,Y,,,,Y,,-,"- ",0,0,1,0,1,0,0,0,0,"- ","- ",,,"LOS ANGELES","LONG BEACH",-118.1806823,33.826704800000002
6364558,2013,2014-04-28,1900,2013-10-04,0755,436136,1320,5,5,5,1935,0,0,0,,0,132T2,"SOUTH ST","HAYTER AV",0.00,,Y,A,-,N,,,,,,,,,,N,4,0,1,2,A,-,10,21950,A,N,G,B,B,A,H,-,A,D,0,Y,,,,Y,,A,,0,0,1,0,1,0,0,0,0,"- ","- ",,,"LOS ANGELES",LAKEWOOD,-118.1461022,33.860254900000001
6365415,2013,2014-03-06,9530,2013-06-08,0606,20564,,6,1,9,1900,0,3,5,,2,001,"ALAMEDA ST","92ND ST",8.00,S,N,B,-,N,,,,,,,,,,Y,4,0,1,2,A,-,01,23152,A,F,G,B,B,A,H,-,A,A,0,Y,,,,Y,Y,A,01,0,0,1,0,1,0,0,0,0,"- ","- ",33.953290000000003,-118.23003,"LOS ANGELES",UNINCORPORATED,-118.2296968,33.953353399999997
6366957,2013,2014-03-07,9530,2013-06-18,1645,020300,,2,2,9,1900,0,3,5,,2,001,"HICKORY ST","83RD ST",420.00,S,N,A,-,N,,,,,,,,,,N,3,0,1,2,A,-,11,21954,A,N,G,B,E,A,H,-,A,D,0,Y,,,,Y,,N,60,0,1,0,0,1,0,0,0,0,"- ","- ",33.961880000000001,-118.23524,"LOS ANGELES",UNINCORPORATED,-118.2352241,33.961883100000001
6366992,2013,2014-02-24,9530,2013-05-18,1445,20331,,6,2,9,1900,0,3,5,,2,002,"ROSECRANS AV","STANFORD AV",10.00,E,N,A,-,N,,,,,,,,,,N,4,0,1,2,A,-,10,21950,A,N,G,B,B,A,H,-,A,A,0,Y,,,,Y,,A,01,0,0,1,0,1,0,0,0,0,"- ","- ",33.902180000000001,-118.26194,"LOS ANGELES",UNINCORPORATED,-118.2620093,33.9024261
6367004,2013,2014-02-24,9530,2013-05-21,1745,20300,,2,2,9,1900,0,3,5,,2,001,"SLAUSON AV","COMPTON AV",15.00,E,N,A,-,N,,,,,,,,,,N,3,0,1,2,A,-,10,21950,A,F,G,B,B,A,H,-,A,A,0,Y,,,,Y,,N,60,0,1,0,0,1,0,0,0,0,"- ","- ",33.989379999999997,-118.24764999999999,"LOS ANGELES",UNINCORPORATED,-118.2477128,33.989323800000001
6367030,2013,2014-02-25,9530,2013-05-11,1453,17755,,6,2,9,1900,0,3,5,,2,003,"ROSECRANS AV","BUTLER AV",96.00,E,N,A,-,N,,,,,,,,,,N,2,0,1,2,A,-,11,21954,A,N,G,B,D,A,-,-,A,D,0,Y,,,,Y,,N,60,1,0,0,0,1,0,0,0,0,"- ","- ",33.903500000000001,-118.19781999999999,"LOS ANGELES",UNINCORPORATED,-118.1980264,33.9035948